../data/imgs/train/c4/img_95526.jpg,4,4,T
../data/imgs/train/c3/img_84716.jpg,3,3,T
../data/imgs/train/c1/img_49027.jpg,1,1,T
../data/imgs/train/c5/img_39324.jpg,5,5,T
../data/imgs/train/c6/img_67564.jpg,6,6,T
../data/imgs/train/c2/img_57867.jpg,2,2,T
../data/imgs/train/c6/img_59831.jpg,6,6,T
../data/imgs/train/c6/img_42012.jpg,6,6,T
../data/imgs/train/c8/img_99344.jpg,8,8,T
../data/imgs/train/c0/img_95735.jpg,0,0,T
../data/imgs/train/c3/img_39465.jpg,3,3,T
../data/imgs/train/c0/img_20579.jpg,0,0,T
../data/imgs/train/c5/img_87216.jpg,5,5,T
../data/imgs/train/c6/img_82001.jpg,6,6,T
../data/imgs/train/c1/img_54019.jpg,1,1,T
../data/imgs/train/c1/img_41295.jpg,1,1,T
../data/imgs/train/c1/img_45292.jpg,1,1,T
../data/imgs/train/c3/img_1076.jpg,3,3,T
../data/imgs/train/c6/img_10204.jpg,6,6,T
../data/imgs/train/c3/img_68160.jpg,3,3,T
../data/imgs/train/c0/img_14779.jpg,0,0,T
../data/imgs/train/c4/img_73177.jpg,4,4,T
../data/imgs/train/c7/img_12193.jpg,7,7,T
../data/imgs/train/c7/img_63011.jpg,7,7,T
../data/imgs/train/c5/img_42816.jpg,5,5,T
../data/imgs/train/c3/img_67045.jpg,3,3,T
../data/imgs/train/c5/img_30208.jpg,5,5,T
../data/imgs/train/c0/img_44090.jpg,0,0,T
../data/imgs/train/c1/img_93978.jpg,1,1,T
../data/imgs/train/c8/img_95739.jpg,8,8,T
../data/imgs/train/c0/img_7990.jpg,0,0,T
../data/imgs/train/c7/img_62640.jpg,7,7,T
../data/imgs/train/c6/img_29293.jpg,6,6,T
../data/imgs/train/c1/img_88982.jpg,1,1,T
../data/imgs/train/c6/img_4720.jpg,6,6,T
../data/imgs/train/c7/img_94149.jpg,7,7,T
../data/imgs/train/c2/img_25722.jpg,2,2,T
../data/imgs/train/c5/img_7306.jpg,5,5,T
../data/imgs/train/c4/img_61131.jpg,4,4,T
../data/imgs/train/c5/img_14140.jpg,5,5,T
../data/imgs/train/c4/img_93295.jpg,4,4,T
../data/imgs/train/c7/img_66016.jpg,7,7,T
../data/imgs/train/c0/img_47472.jpg,0,0,T
../data/imgs/train/c9/img_93445.jpg,9,9,T
../data/imgs/train/c4/img_95363.jpg,4,4,T
../data/imgs/train/c7/img_88338.jpg,7,7,T
../data/imgs/train/c1/img_87736.jpg,1,1,T
../data/imgs/train/c6/img_59991.jpg,6,6,T
../data/imgs/train/c4/img_78367.jpg,4,4,T
../data/imgs/train/c4/img_6903.jpg,4,4,T
../data/imgs/train/c0/img_79372.jpg,0,0,T
../data/imgs/train/c1/img_37603.jpg,1,1,T
../data/imgs/train/c7/img_97794.jpg,7,7,T
../data/imgs/train/c9/img_57609.jpg,9,9,T
../data/imgs/train/c4/img_71416.jpg,4,4,T
../data/imgs/train/c9/img_21902.jpg,9,9,T
../data/imgs/train/c3/img_83446.jpg,3,3,T
../data/imgs/train/c1/img_8349.jpg,1,1,T
../data/imgs/train/c5/img_87951.jpg,5,5,T
../data/imgs/train/c1/img_99337.jpg,1,1,T
../data/imgs/train/c0/img_58022.jpg,0,0,T
../data/imgs/train/c1/img_26271.jpg,1,1,T
../data/imgs/train/c7/img_3012.jpg,7,7,T
../data/imgs/train/c8/img_58392.jpg,8,8,T
../data/imgs/train/c1/img_41831.jpg,1,1,T
../data/imgs/train/c3/img_60419.jpg,3,3,T
../data/imgs/train/c2/img_30790.jpg,2,2,T
../data/imgs/train/c4/img_20156.jpg,4,4,T
../data/imgs/train/c1/img_9130.jpg,1,1,T
../data/imgs/train/c6/img_92436.jpg,6,6,T
../data/imgs/train/c8/img_3967.jpg,8,8,T
../data/imgs/train/c9/img_18309.jpg,9,9,T
../data/imgs/train/c0/img_75764.jpg,0,0,T
../data/imgs/train/c0/img_38615.jpg,0,0,T
../data/imgs/train/c3/img_25363.jpg,3,3,T
../data/imgs/train/c0/img_4020.jpg,0,0,T
../data/imgs/train/c1/img_25076.jpg,1,1,T
../data/imgs/train/c0/img_8543.jpg,0,0,T
../data/imgs/train/c8/img_83594.jpg,8,8,T
../data/imgs/train/c9/img_19005.jpg,9,9,T
../data/imgs/train/c2/img_95501.jpg,2,2,T
../data/imgs/train/c1/img_29191.jpg,1,1,T
../data/imgs/train/c8/img_32914.jpg,8,8,T
../data/imgs/train/c2/img_76731.jpg,4,2,F
../data/imgs/train/c4/img_62201.jpg,4,4,T
../data/imgs/train/c2/img_94657.jpg,2,2,T
../data/imgs/train/c5/img_47389.jpg,5,5,T
../data/imgs/train/c4/img_51229.jpg,4,4,T
../data/imgs/train/c0/img_62538.jpg,0,0,T
../data/imgs/train/c2/img_22091.jpg,2,2,T
../data/imgs/train/c5/img_77456.jpg,5,5,T
../data/imgs/train/c6/img_78595.jpg,6,6,T
../data/imgs/train/c0/img_6461.jpg,0,0,T
../data/imgs/train/c7/img_81.jpg,7,7,T
../data/imgs/train/c4/img_26602.jpg,4,4,T
../data/imgs/train/c0/img_67829.jpg,0,0,T
../data/imgs/train/c4/img_87011.jpg,4,4,T
../data/imgs/train/c8/img_85747.jpg,8,8,T
../data/imgs/train/c8/img_85931.jpg,8,8,T
../data/imgs/train/c0/img_74746.jpg,0,0,T
../data/imgs/train/c4/img_85134.jpg,4,4,T
../data/imgs/train/c5/img_10847.jpg,5,5,T
../data/imgs/train/c1/img_24416.jpg,1,1,T
../data/imgs/train/c4/img_87370.jpg,4,4,T
../data/imgs/train/c8/img_44369.jpg,8,8,T
../data/imgs/train/c0/img_39956.jpg,0,0,T
../data/imgs/train/c1/img_77658.jpg,1,1,T
../data/imgs/train/c6/img_62905.jpg,6,6,T
../data/imgs/train/c2/img_74531.jpg,2,2,T
../data/imgs/train/c4/img_34946.jpg,4,4,T
../data/imgs/train/c3/img_99374.jpg,3,3,T
../data/imgs/train/c2/img_68364.jpg,2,2,T
../data/imgs/train/c9/img_30765.jpg,9,9,T
../data/imgs/train/c5/img_33266.jpg,5,5,T
../data/imgs/train/c3/img_46323.jpg,3,3,T
../data/imgs/train/c0/img_18923.jpg,0,0,T
../data/imgs/train/c7/img_43683.jpg,7,7,T
../data/imgs/train/c5/img_43509.jpg,5,5,T
../data/imgs/train/c3/img_60432.jpg,3,3,T
../data/imgs/train/c1/img_38112.jpg,1,1,T
../data/imgs/train/c3/img_4116.jpg,3,3,T
../data/imgs/train/c0/img_28066.jpg,0,0,T
../data/imgs/train/c0/img_66990.jpg,0,0,T
../data/imgs/train/c2/img_80665.jpg,2,2,T
../data/imgs/train/c9/img_40779.jpg,9,9,T
../data/imgs/train/c7/img_72286.jpg,7,7,T
../data/imgs/train/c5/img_13908.jpg,5,5,T
../data/imgs/train/c3/img_77122.jpg,3,3,T
../data/imgs/train/c6/img_30553.jpg,6,6,T
../data/imgs/train/c3/img_66643.jpg,3,3,T
../data/imgs/train/c9/img_14238.jpg,9,9,T
../data/imgs/train/c1/img_87427.jpg,1,1,T
../data/imgs/train/c1/img_74517.jpg,1,1,T
../data/imgs/train/c1/img_27419.jpg,1,1,T
../data/imgs/train/c4/img_7875.jpg,4,4,T
../data/imgs/train/c9/img_61711.jpg,9,9,T
../data/imgs/train/c8/img_32711.jpg,6,8,F
../data/imgs/train/c5/img_49106.jpg,5,5,T
../data/imgs/train/c0/img_78263.jpg,0,0,T
../data/imgs/train/c8/img_13495.jpg,8,8,T
../data/imgs/train/c4/img_61208.jpg,4,4,T
../data/imgs/train/c6/img_64446.jpg,6,6,T
../data/imgs/train/c3/img_94562.jpg,3,3,T
../data/imgs/train/c8/img_46992.jpg,8,8,T
../data/imgs/train/c1/img_2648.jpg,1,1,T
../data/imgs/train/c6/img_25668.jpg,6,6,T
../data/imgs/train/c5/img_93847.jpg,5,5,T
../data/imgs/train/c0/img_34028.jpg,0,0,T
../data/imgs/train/c9/img_13996.jpg,9,9,T
../data/imgs/train/c4/img_38196.jpg,4,4,T
../data/imgs/train/c1/img_75176.jpg,1,1,T
../data/imgs/train/c0/img_1197.jpg,0,0,T
../data/imgs/train/c1/img_60331.jpg,1,1,T
../data/imgs/train/c3/img_84880.jpg,3,3,T
../data/imgs/train/c1/img_12544.jpg,1,1,T
../data/imgs/train/c2/img_97132.jpg,2,2,T
../data/imgs/train/c9/img_7172.jpg,9,9,T
../data/imgs/train/c5/img_66960.jpg,5,5,T
../data/imgs/train/c4/img_37714.jpg,4,4,T
../data/imgs/train/c6/img_77184.jpg,6,6,T
../data/imgs/train/c6/img_32964.jpg,6,6,T
../data/imgs/train/c1/img_19815.jpg,1,1,T
../data/imgs/train/c3/img_11902.jpg,3,3,T
../data/imgs/train/c5/img_24315.jpg,5,5,T
../data/imgs/train/c5/img_101394.jpg,5,5,T
../data/imgs/train/c1/img_6609.jpg,1,1,T
../data/imgs/train/c9/img_8044.jpg,9,9,T
../data/imgs/train/c1/img_61560.jpg,1,1,T
../data/imgs/train/c8/img_52010.jpg,8,8,T
../data/imgs/train/c5/img_47826.jpg,5,5,T
../data/imgs/train/c0/img_26684.jpg,0,0,T
../data/imgs/train/c1/img_51013.jpg,1,1,T
../data/imgs/train/c2/img_69982.jpg,2,2,T
../data/imgs/train/c5/img_76660.jpg,5,5,T
../data/imgs/train/c0/img_14757.jpg,0,0,T
../data/imgs/train/c7/img_84298.jpg,7,7,T
../data/imgs/train/c3/img_73929.jpg,3,3,T
../data/imgs/train/c5/img_72085.jpg,5,5,T
../data/imgs/train/c9/img_3324.jpg,9,9,T
../data/imgs/train/c8/img_77385.jpg,8,8,T
../data/imgs/train/c6/img_60437.jpg,6,6,T
../data/imgs/train/c5/img_91231.jpg,5,5,T
../data/imgs/train/c2/img_43620.jpg,2,2,T
../data/imgs/train/c5/img_59755.jpg,5,5,T
../data/imgs/train/c6/img_29054.jpg,6,6,T
../data/imgs/train/c8/img_64191.jpg,8,8,T
../data/imgs/train/c8/img_47271.jpg,8,8,T
../data/imgs/train/c5/img_7296.jpg,5,5,T
../data/imgs/train/c7/img_5940.jpg,7,7,T
../data/imgs/train/c0/img_91479.jpg,0,0,T
../data/imgs/train/c1/img_100403.jpg,1,1,T
../data/imgs/train/c9/img_72421.jpg,9,9,T
../data/imgs/train/c0/img_61375.jpg,0,0,T
../data/imgs/train/c3/img_101035.jpg,3,3,T
../data/imgs/train/c7/img_47102.jpg,7,7,T
../data/imgs/train/c6/img_53041.jpg,6,6,T
../data/imgs/train/c9/img_36024.jpg,9,9,T
../data/imgs/train/c7/img_13206.jpg,7,7,T
../data/imgs/train/c7/img_727.jpg,7,7,T
../data/imgs/train/c3/img_29067.jpg,3,3,T
../data/imgs/train/c9/img_62940.jpg,9,9,T
../data/imgs/train/c1/img_16574.jpg,1,1,T
../data/imgs/train/c9/img_92289.jpg,9,9,T
../data/imgs/train/c3/img_26392.jpg,3,3,T
../data/imgs/train/c3/img_24674.jpg,3,3,T
../data/imgs/train/c2/img_43644.jpg,2,2,T
../data/imgs/train/c6/img_1766.jpg,6,6,T
../data/imgs/train/c5/img_59713.jpg,5,5,T
../data/imgs/train/c0/img_64413.jpg,0,0,T
../data/imgs/train/c3/img_65026.jpg,3,3,T
../data/imgs/train/c8/img_64477.jpg,8,8,T
../data/imgs/train/c4/img_93900.jpg,4,4,T
../data/imgs/train/c7/img_11809.jpg,7,7,T
../data/imgs/train/c6/img_25489.jpg,6,6,T
../data/imgs/train/c1/img_47439.jpg,1,1,T
../data/imgs/train/c9/img_18055.jpg,9,9,T
../data/imgs/train/c5/img_31880.jpg,5,5,T
../data/imgs/train/c3/img_7702.jpg,3,3,T
../data/imgs/train/c7/img_45782.jpg,7,7,T
../data/imgs/train/c3/img_43425.jpg,3,3,T
../data/imgs/train/c7/img_56636.jpg,7,7,T
../data/imgs/train/c1/img_94161.jpg,1,1,T
../data/imgs/train/c6/img_44028.jpg,6,6,T
../data/imgs/train/c3/img_46177.jpg,3,3,T
../data/imgs/train/c6/img_84034.jpg,6,6,T
../data/imgs/train/c4/img_42724.jpg,4,4,T
../data/imgs/train/c5/img_90878.jpg,5,5,T
../data/imgs/train/c0/img_47295.jpg,0,0,T
../data/imgs/train/c4/img_72446.jpg,4,4,T
../data/imgs/train/c7/img_45037.jpg,7,7,T
../data/imgs/train/c9/img_90841.jpg,9,9,T
../data/imgs/train/c5/img_99827.jpg,5,5,T
../data/imgs/train/c4/img_7962.jpg,4,4,T
../data/imgs/train/c6/img_100251.jpg,6,6,T
../data/imgs/train/c0/img_62053.jpg,0,0,T
../data/imgs/train/c7/img_54406.jpg,7,7,T
../data/imgs/train/c4/img_69592.jpg,4,4,T
../data/imgs/train/c0/img_27832.jpg,0,0,T
../data/imgs/train/c5/img_15312.jpg,5,5,T
../data/imgs/train/c3/img_60719.jpg,3,3,T
../data/imgs/train/c4/img_35987.jpg,4,4,T
../data/imgs/train/c8/img_23365.jpg,8,8,T
../data/imgs/train/c1/img_28235.jpg,1,1,T
../data/imgs/train/c3/img_18085.jpg,3,3,T
../data/imgs/train/c9/img_81693.jpg,0,9,F
../data/imgs/train/c0/img_24139.jpg,0,0,T
../data/imgs/train/c7/img_729.jpg,7,7,T
../data/imgs/train/c0/img_59237.jpg,0,0,T
../data/imgs/train/c8/img_48859.jpg,8,8,T
../data/imgs/train/c6/img_51307.jpg,6,6,T
../data/imgs/train/c8/img_67168.jpg,0,8,F
../data/imgs/train/c4/img_6731.jpg,4,4,T
../data/imgs/train/c1/img_102107.jpg,1,1,T
../data/imgs/train/c4/img_23408.jpg,4,4,T
../data/imgs/train/c5/img_90195.jpg,5,5,T
../data/imgs/train/c6/img_88359.jpg,6,6,T
../data/imgs/train/c1/img_8663.jpg,1,1,T
../data/imgs/train/c6/img_99116.jpg,6,6,T
../data/imgs/train/c6/img_1198.jpg,6,6,T
../data/imgs/train/c4/img_43975.jpg,4,4,T
../data/imgs/train/c6/img_76426.jpg,6,6,T
../data/imgs/train/c6/img_45192.jpg,6,6,T
../data/imgs/train/c9/img_69483.jpg,9,9,T
../data/imgs/train/c3/img_92739.jpg,3,3,T
../data/imgs/train/c5/img_8619.jpg,5,5,T
../data/imgs/train/c4/img_25700.jpg,4,4,T
../data/imgs/train/c5/img_25844.jpg,5,5,T
../data/imgs/train/c4/img_67465.jpg,4,4,T
../data/imgs/train/c3/img_1153.jpg,3,3,T
../data/imgs/train/c2/img_69243.jpg,2,2,T
../data/imgs/train/c0/img_37234.jpg,0,0,T
../data/imgs/train/c6/img_14988.jpg,6,6,T
../data/imgs/train/c1/img_2212.jpg,1,1,T
../data/imgs/train/c5/img_72025.jpg,5,5,T
../data/imgs/train/c6/img_89845.jpg,6,6,T
../data/imgs/train/c1/img_78338.jpg,1,1,T
../data/imgs/train/c4/img_92521.jpg,4,4,T
../data/imgs/train/c6/img_24276.jpg,6,6,T
../data/imgs/train/c7/img_21209.jpg,7,7,T
../data/imgs/train/c5/img_46270.jpg,5,5,T
../data/imgs/train/c5/img_93313.jpg,5,5,T
../data/imgs/train/c1/img_61563.jpg,1,1,T
../data/imgs/train/c9/img_37267.jpg,9,9,T
../data/imgs/train/c9/img_14344.jpg,9,9,T
../data/imgs/train/c5/img_67798.jpg,5,5,T
../data/imgs/train/c0/img_14492.jpg,0,0,T
../data/imgs/train/c7/img_23849.jpg,7,7,T
../data/imgs/train/c0/img_51559.jpg,0,0,T
../data/imgs/train/c7/img_54082.jpg,7,7,T
../data/imgs/train/c7/img_5627.jpg,7,7,T
../data/imgs/train/c0/img_101785.jpg,0,0,T
../data/imgs/train/c1/img_1472.jpg,1,1,T
../data/imgs/train/c4/img_99662.jpg,4,4,T
../data/imgs/train/c9/img_88570.jpg,9,9,T
../data/imgs/train/c0/img_94809.jpg,0,0,T
../data/imgs/train/c0/img_33714.jpg,0,0,T
../data/imgs/train/c4/img_99370.jpg,4,4,T
../data/imgs/train/c5/img_45513.jpg,5,5,T
../data/imgs/train/c7/img_91964.jpg,7,7,T
../data/imgs/train/c5/img_64180.jpg,5,5,T
../data/imgs/train/c0/img_34878.jpg,0,0,T
../data/imgs/train/c2/img_74288.jpg,2,2,T
../data/imgs/train/c7/img_3469.jpg,7,7,T
../data/imgs/train/c7/img_45374.jpg,7,7,T
../data/imgs/train/c2/img_21958.jpg,2,2,T
../data/imgs/train/c1/img_89195.jpg,1,1,T
../data/imgs/train/c4/img_96739.jpg,4,4,T
../data/imgs/train/c6/img_44758.jpg,6,6,T
../data/imgs/train/c7/img_3657.jpg,7,7,T
../data/imgs/train/c8/img_20788.jpg,9,8,F
../data/imgs/train/c5/img_8509.jpg,5,5,T
../data/imgs/train/c1/img_95048.jpg,1,1,T
../data/imgs/train/c9/img_53997.jpg,9,9,T
../data/imgs/train/c4/img_80339.jpg,4,4,T
../data/imgs/train/c4/img_100561.jpg,4,4,T
../data/imgs/train/c6/img_40307.jpg,6,6,T
../data/imgs/train/c3/img_49375.jpg,3,3,T
../data/imgs/train/c4/img_96238.jpg,4,4,T
../data/imgs/train/c2/img_19501.jpg,2,2,T
../data/imgs/train/c5/img_48698.jpg,5,5,T
../data/imgs/train/c6/img_63368.jpg,6,6,T
../data/imgs/train/c9/img_37957.jpg,9,9,T
../data/imgs/train/c3/img_30529.jpg,3,3,T
../data/imgs/train/c1/img_55482.jpg,1,1,T
../data/imgs/train/c0/img_10307.jpg,0,0,T
../data/imgs/train/c6/img_72206.jpg,6,6,T
../data/imgs/train/c6/img_2870.jpg,6,6,T
../data/imgs/train/c7/img_2144.jpg,7,7,T
../data/imgs/train/c8/img_86332.jpg,8,8,T
../data/imgs/train/c6/img_94274.jpg,6,6,T
../data/imgs/train/c3/img_24776.jpg,3,3,T
../data/imgs/train/c8/img_68365.jpg,8,8,T
../data/imgs/train/c8/img_34184.jpg,8,8,T
../data/imgs/train/c0/img_47804.jpg,0,0,T
../data/imgs/train/c8/img_45608.jpg,8,8,T
../data/imgs/train/c3/img_95067.jpg,3,3,T
../data/imgs/train/c5/img_75175.jpg,5,5,T
../data/imgs/train/c6/img_98565.jpg,6,6,T
../data/imgs/train/c8/img_40873.jpg,8,8,T
../data/imgs/train/c1/img_33965.jpg,1,1,T
../data/imgs/train/c4/img_70257.jpg,4,4,T
../data/imgs/train/c3/img_53397.jpg,3,3,T
../data/imgs/train/c8/img_48621.jpg,8,8,T
../data/imgs/train/c0/img_47068.jpg,0,0,T
../data/imgs/train/c4/img_34792.jpg,4,4,T
../data/imgs/train/c2/img_25993.jpg,2,2,T
../data/imgs/train/c4/img_25036.jpg,4,4,T
../data/imgs/train/c7/img_83817.jpg,7,7,T
../data/imgs/train/c9/img_42665.jpg,9,9,T
../data/imgs/train/c7/img_33094.jpg,7,7,T
../data/imgs/train/c1/img_55353.jpg,1,1,T
../data/imgs/train/c2/img_73564.jpg,2,2,T
../data/imgs/train/c9/img_95966.jpg,9,9,T
../data/imgs/train/c5/img_5886.jpg,5,5,T
../data/imgs/train/c9/img_21416.jpg,9,9,T
../data/imgs/train/c9/img_66427.jpg,9,9,T
../data/imgs/train/c3/img_57086.jpg,3,3,T
../data/imgs/train/c6/img_7597.jpg,6,6,T
../data/imgs/train/c6/img_100256.jpg,6,6,T
../data/imgs/train/c3/img_12298.jpg,3,3,T
../data/imgs/train/c7/img_2879.jpg,7,7,T
../data/imgs/train/c7/img_35479.jpg,7,7,T
../data/imgs/train/c1/img_37328.jpg,1,1,T
../data/imgs/train/c0/img_88552.jpg,0,0,T
../data/imgs/train/c3/img_86411.jpg,3,3,T
../data/imgs/train/c2/img_54371.jpg,2,2,T
../data/imgs/train/c5/img_12896.jpg,5,5,T
../data/imgs/train/c5/img_84217.jpg,5,5,T
../data/imgs/train/c0/img_62662.jpg,0,0,T
../data/imgs/train/c4/img_84680.jpg,4,4,T
../data/imgs/train/c9/img_48959.jpg,9,9,T
../data/imgs/train/c3/img_73781.jpg,3,3,T
../data/imgs/train/c3/img_91390.jpg,3,3,T
../data/imgs/train/c7/img_36419.jpg,7,7,T
../data/imgs/train/c0/img_28882.jpg,0,0,T
../data/imgs/train/c6/img_6185.jpg,6,6,T
../data/imgs/train/c2/img_36319.jpg,2,2,T
../data/imgs/train/c7/img_62010.jpg,7,7,T
../data/imgs/train/c0/img_73786.jpg,0,0,T
../data/imgs/train/c2/img_31212.jpg,2,2,T
../data/imgs/train/c1/img_93334.jpg,1,1,T
../data/imgs/train/c8/img_73005.jpg,8,8,T
../data/imgs/train/c1/img_52348.jpg,1,1,T
../data/imgs/train/c8/img_35831.jpg,8,8,T
../data/imgs/train/c4/img_28471.jpg,4,4,T
../data/imgs/train/c6/img_92716.jpg,6,6,T
../data/imgs/train/c1/img_81458.jpg,1,1,T
../data/imgs/train/c3/img_71347.jpg,3,3,T
../data/imgs/train/c6/img_80143.jpg,6,6,T
../data/imgs/train/c0/img_28215.jpg,0,0,T
../data/imgs/train/c5/img_67377.jpg,5,5,T
../data/imgs/train/c9/img_10589.jpg,9,9,T
../data/imgs/train/c1/img_66087.jpg,1,1,T
../data/imgs/train/c5/img_38617.jpg,5,5,T
../data/imgs/train/c6/img_29978.jpg,6,6,T
../data/imgs/train/c3/img_36852.jpg,3,3,T
../data/imgs/train/c7/img_53284.jpg,7,7,T
../data/imgs/train/c3/img_30042.jpg,3,3,T
../data/imgs/train/c5/img_22799.jpg,5,5,T
../data/imgs/train/c0/img_65497.jpg,0,0,T
../data/imgs/train/c3/img_92901.jpg,3,3,T
../data/imgs/train/c3/img_71049.jpg,3,3,T
../data/imgs/train/c1/img_86488.jpg,1,1,T
../data/imgs/train/c0/img_71045.jpg,0,0,T
../data/imgs/train/c9/img_15564.jpg,9,9,T
../data/imgs/train/c4/img_45024.jpg,4,4,T
../data/imgs/train/c9/img_68805.jpg,9,9,T
../data/imgs/train/c5/img_60083.jpg,5,5,T
../data/imgs/train/c2/img_44101.jpg,2,2,T
../data/imgs/train/c4/img_73464.jpg,4,4,T
../data/imgs/train/c2/img_9719.jpg,2,2,T
../data/imgs/train/c6/img_91850.jpg,6,6,T
../data/imgs/train/c4/img_93755.jpg,4,4,T
../data/imgs/train/c8/img_96126.jpg,6,8,F
../data/imgs/train/c8/img_3945.jpg,8,8,T
../data/imgs/train/c0/img_6614.jpg,0,0,T
../data/imgs/train/c0/img_32313.jpg,0,0,T
../data/imgs/train/c0/img_51935.jpg,0,0,T
../data/imgs/train/c7/img_32072.jpg,7,7,T
../data/imgs/train/c7/img_13229.jpg,7,7,T
../data/imgs/train/c6/img_67073.jpg,6,6,T
../data/imgs/train/c0/img_13073.jpg,0,0,T
../data/imgs/train/c6/img_101102.jpg,6,6,T
../data/imgs/train/c8/img_72147.jpg,8,8,T
../data/imgs/train/c9/img_75522.jpg,9,9,T
../data/imgs/train/c0/img_62129.jpg,0,0,T
../data/imgs/train/c8/img_72387.jpg,8,8,T
../data/imgs/train/c5/img_75652.jpg,5,5,T
../data/imgs/train/c1/img_73259.jpg,1,1,T
../data/imgs/train/c4/img_59012.jpg,4,4,T
../data/imgs/train/c8/img_8631.jpg,8,8,T
../data/imgs/train/c8/img_25010.jpg,8,8,T
../data/imgs/train/c2/img_69210.jpg,2,2,T
../data/imgs/train/c8/img_75351.jpg,8,8,T
../data/imgs/train/c2/img_95083.jpg,2,2,T
../data/imgs/train/c0/img_7373.jpg,0,0,T
../data/imgs/train/c6/img_80243.jpg,6,6,T
../data/imgs/train/c1/img_40937.jpg,1,1,T
../data/imgs/train/c2/img_69355.jpg,2,2,T
../data/imgs/train/c1/img_91020.jpg,1,1,T
../data/imgs/train/c5/img_92952.jpg,5,5,T
../data/imgs/train/c4/img_22041.jpg,4,4,T
../data/imgs/train/c0/img_14027.jpg,0,0,T
../data/imgs/train/c0/img_26797.jpg,0,0,T
../data/imgs/train/c2/img_39991.jpg,2,2,T
../data/imgs/train/c2/img_79445.jpg,2,2,T
../data/imgs/train/c1/img_80723.jpg,1,1,T
../data/imgs/train/c1/img_69211.jpg,1,1,T
../data/imgs/train/c2/img_41739.jpg,2,2,T
../data/imgs/train/c6/img_100548.jpg,6,6,T
../data/imgs/train/c0/img_32153.jpg,0,0,T
../data/imgs/train/c8/img_41812.jpg,8,8,T
../data/imgs/train/c1/img_21186.jpg,1,1,T
../data/imgs/train/c6/img_39303.jpg,6,6,T
../data/imgs/train/c5/img_38692.jpg,5,5,T
../data/imgs/train/c6/img_53456.jpg,6,6,T
../data/imgs/train/c1/img_51487.jpg,1,1,T
../data/imgs/train/c3/img_28399.jpg,3,3,T
../data/imgs/train/c4/img_54866.jpg,4,4,T
../data/imgs/train/c8/img_3171.jpg,8,8,T
../data/imgs/train/c1/img_23329.jpg,1,1,T
../data/imgs/train/c4/img_95744.jpg,4,4,T
../data/imgs/train/c2/img_30728.jpg,2,2,T
../data/imgs/train/c7/img_87253.jpg,7,7,T
../data/imgs/train/c9/img_75666.jpg,9,9,T
../data/imgs/train/c4/img_38764.jpg,4,4,T
../data/imgs/train/c9/img_11167.jpg,9,9,T
../data/imgs/train/c1/img_56822.jpg,1,1,T
../data/imgs/train/c5/img_42117.jpg,5,5,T
../data/imgs/train/c4/img_27729.jpg,4,4,T
../data/imgs/train/c0/img_35369.jpg,0,0,T
../data/imgs/train/c1/img_90594.jpg,1,1,T
../data/imgs/train/c4/img_71882.jpg,4,4,T
../data/imgs/train/c2/img_3194.jpg,2,2,T
../data/imgs/train/c7/img_82196.jpg,7,7,T
../data/imgs/train/c5/img_54212.jpg,5,5,T
../data/imgs/train/c5/img_91538.jpg,5,5,T
../data/imgs/train/c3/img_45187.jpg,3,3,T
../data/imgs/train/c4/img_3734.jpg,4,4,T
../data/imgs/train/c6/img_49719.jpg,6,6,T
../data/imgs/train/c7/img_46946.jpg,7,7,T
../data/imgs/train/c3/img_79239.jpg,3,3,T
../data/imgs/train/c7/img_82691.jpg,7,7,T
../data/imgs/train/c2/img_47230.jpg,2,2,T
../data/imgs/train/c0/img_14341.jpg,0,0,T
../data/imgs/train/c9/img_61991.jpg,9,9,T
../data/imgs/train/c5/img_41485.jpg,5,5,T
../data/imgs/train/c2/img_21762.jpg,2,2,T
../data/imgs/train/c5/img_19377.jpg,5,5,T
../data/imgs/train/c1/img_74078.jpg,1,1,T
../data/imgs/train/c7/img_90230.jpg,7,7,T
../data/imgs/train/c8/img_81995.jpg,7,8,F
../data/imgs/train/c2/img_49910.jpg,2,2,T
../data/imgs/train/c9/img_91518.jpg,9,9,T
../data/imgs/train/c5/img_73660.jpg,5,5,T
../data/imgs/train/c6/img_54640.jpg,6,6,T
../data/imgs/train/c1/img_16466.jpg,1,1,T
../data/imgs/train/c2/img_61717.jpg,2,2,T
../data/imgs/train/c2/img_14433.jpg,2,2,T
../data/imgs/train/c2/img_88757.jpg,2,2,T
../data/imgs/train/c7/img_73791.jpg,7,7,T
../data/imgs/train/c5/img_99541.jpg,5,5,T
../data/imgs/train/c0/img_41025.jpg,0,0,T
../data/imgs/train/c0/img_72193.jpg,0,0,T
../data/imgs/train/c2/img_63855.jpg,2,2,T
../data/imgs/train/c0/img_97506.jpg,0,0,T
../data/imgs/train/c2/img_41918.jpg,2,2,T
../data/imgs/train/c4/img_25169.jpg,4,4,T
../data/imgs/train/c7/img_98947.jpg,7,7,T
../data/imgs/train/c6/img_70739.jpg,6,6,T
../data/imgs/train/c0/img_81279.jpg,0,0,T
../data/imgs/train/c0/img_22206.jpg,0,0,T
../data/imgs/train/c0/img_68487.jpg,0,0,T
../data/imgs/train/c0/img_93757.jpg,0,0,T
../data/imgs/train/c3/img_83672.jpg,3,3,T
../data/imgs/train/c2/img_33418.jpg,2,2,T
../data/imgs/train/c2/img_61637.jpg,2,2,T
../data/imgs/train/c1/img_39199.jpg,1,1,T
../data/imgs/train/c8/img_9537.jpg,8,8,T
../data/imgs/train/c4/img_35990.jpg,4,4,T
../data/imgs/train/c6/img_16801.jpg,6,6,T
../data/imgs/train/c6/img_92061.jpg,6,6,T
../data/imgs/train/c6/img_55250.jpg,6,6,T
../data/imgs/train/c3/img_76965.jpg,3,3,T
../data/imgs/train/c6/img_19516.jpg,6,6,T
../data/imgs/train/c1/img_5261.jpg,1,1,T
../data/imgs/train/c1/img_54867.jpg,1,1,T
../data/imgs/train/c2/img_791.jpg,2,2,T
../data/imgs/train/c0/img_72747.jpg,0,0,T
../data/imgs/train/c5/img_58290.jpg,5,5,T
../data/imgs/train/c1/img_11827.jpg,1,1,T
../data/imgs/train/c0/img_15198.jpg,0,0,T
../data/imgs/train/c4/img_54224.jpg,4,4,T
../data/imgs/train/c5/img_1827.jpg,5,5,T
../data/imgs/train/c4/img_7004.jpg,4,4,T
../data/imgs/train/c2/img_21235.jpg,2,2,T
../data/imgs/train/c1/img_32747.jpg,1,1,T
../data/imgs/train/c7/img_4904.jpg,7,7,T
../data/imgs/train/c8/img_11339.jpg,8,8,T
../data/imgs/train/c4/img_49107.jpg,4,4,T
../data/imgs/train/c2/img_59034.jpg,2,2,T
../data/imgs/train/c0/img_14111.jpg,0,0,T
../data/imgs/train/c0/img_9241.jpg,0,0,T
../data/imgs/train/c3/img_26488.jpg,3,3,T
../data/imgs/train/c7/img_83830.jpg,7,7,T
../data/imgs/train/c0/img_19029.jpg,0,0,T
../data/imgs/train/c1/img_31768.jpg,1,1,T
../data/imgs/train/c1/img_90701.jpg,1,1,T
../data/imgs/train/c9/img_63800.jpg,9,9,T
../data/imgs/train/c2/img_71289.jpg,2,2,T
../data/imgs/train/c3/img_78092.jpg,3,3,T
../data/imgs/train/c0/img_59868.jpg,0,0,T
../data/imgs/train/c4/img_53653.jpg,4,4,T
../data/imgs/train/c3/img_85189.jpg,3,3,T
../data/imgs/train/c3/img_2381.jpg,3,3,T
../data/imgs/train/c6/img_20687.jpg,6,6,T
../data/imgs/train/c6/img_42381.jpg,6,6,T
../data/imgs/train/c5/img_21153.jpg,5,5,T
../data/imgs/train/c1/img_88842.jpg,1,1,T
../data/imgs/train/c7/img_9522.jpg,7,7,T
../data/imgs/train/c4/img_67346.jpg,4,4,T
../data/imgs/train/c2/img_60135.jpg,2,2,T
../data/imgs/train/c5/img_72094.jpg,5,5,T
../data/imgs/train/c3/img_38790.jpg,3,3,T
../data/imgs/train/c4/img_45862.jpg,4,4,T
../data/imgs/train/c5/img_27554.jpg,5,5,T
../data/imgs/train/c4/img_37290.jpg,4,4,T
../data/imgs/train/c8/img_29403.jpg,8,8,T
../data/imgs/train/c5/img_18866.jpg,5,5,T
../data/imgs/train/c2/img_86222.jpg,2,2,T
../data/imgs/train/c8/img_34328.jpg,8,8,T
../data/imgs/train/c3/img_24370.jpg,3,3,T
../data/imgs/train/c0/img_81621.jpg,0,0,T
../data/imgs/train/c5/img_77895.jpg,5,5,T
../data/imgs/train/c0/img_21301.jpg,0,0,T
../data/imgs/train/c8/img_34394.jpg,8,8,T
../data/imgs/train/c2/img_100514.jpg,2,2,T
../data/imgs/train/c5/img_98978.jpg,5,5,T
../data/imgs/train/c0/img_10314.jpg,0,0,T
../data/imgs/train/c8/img_65842.jpg,8,8,T
../data/imgs/train/c8/img_35083.jpg,8,8,T
../data/imgs/train/c5/img_54068.jpg,5,5,T
../data/imgs/train/c2/img_30480.jpg,2,2,T
../data/imgs/train/c7/img_84407.jpg,7,7,T
../data/imgs/train/c5/img_7374.jpg,5,5,T
../data/imgs/train/c6/img_68054.jpg,6,6,T
../data/imgs/train/c6/img_99439.jpg,6,6,T
../data/imgs/train/c7/img_45503.jpg,7,7,T
../data/imgs/train/c1/img_69950.jpg,1,1,T
../data/imgs/train/c5/img_44367.jpg,5,5,T
../data/imgs/train/c5/img_79489.jpg,5,5,T
../data/imgs/train/c4/img_21161.jpg,4,4,T
../data/imgs/train/c2/img_66515.jpg,2,2,T
../data/imgs/train/c9/img_42370.jpg,9,9,T
../data/imgs/train/c7/img_19896.jpg,7,7,T
../data/imgs/train/c4/img_42458.jpg,4,4,T
../data/imgs/train/c6/img_12066.jpg,6,6,T
../data/imgs/train/c4/img_20137.jpg,4,4,T
../data/imgs/train/c7/img_19932.jpg,7,7,T
../data/imgs/train/c5/img_45969.jpg,5,5,T
../data/imgs/train/c9/img_57833.jpg,9,9,T
../data/imgs/train/c2/img_16161.jpg,2,2,T
../data/imgs/train/c1/img_16817.jpg,1,1,T
../data/imgs/train/c4/img_18353.jpg,4,4,T
../data/imgs/train/c6/img_33604.jpg,6,6,T
../data/imgs/train/c7/img_51072.jpg,7,7,T
../data/imgs/train/c0/img_57215.jpg,0,0,T
../data/imgs/train/c3/img_20673.jpg,3,3,T
../data/imgs/train/c6/img_50789.jpg,6,6,T
../data/imgs/train/c8/img_13868.jpg,8,8,T
../data/imgs/train/c5/img_60309.jpg,5,5,T
../data/imgs/train/c9/img_66298.jpg,9,9,T
../data/imgs/train/c2/img_67496.jpg,2,2,T
../data/imgs/train/c8/img_18970.jpg,8,8,T
../data/imgs/train/c4/img_40533.jpg,4,4,T
../data/imgs/train/c7/img_92653.jpg,7,7,T
../data/imgs/train/c9/img_71225.jpg,9,9,T
../data/imgs/train/c1/img_74075.jpg,1,1,T
../data/imgs/train/c8/img_521.jpg,8,8,T
../data/imgs/train/c1/img_84454.jpg,1,1,T
../data/imgs/train/c6/img_38444.jpg,6,6,T
../data/imgs/train/c3/img_13626.jpg,3,3,T
../data/imgs/train/c2/img_70274.jpg,2,2,T
../data/imgs/train/c0/img_69446.jpg,0,0,T
../data/imgs/train/c4/img_77298.jpg,4,4,T
../data/imgs/train/c3/img_43835.jpg,3,3,T
../data/imgs/train/c4/img_64336.jpg,4,4,T
../data/imgs/train/c4/img_41661.jpg,4,4,T
../data/imgs/train/c1/img_49674.jpg,1,1,T
../data/imgs/train/c7/img_83613.jpg,7,7,T
../data/imgs/train/c9/img_52861.jpg,9,9,T
../data/imgs/train/c0/img_58721.jpg,0,0,T
../data/imgs/train/c9/img_55377.jpg,9,9,T
../data/imgs/train/c8/img_89839.jpg,8,8,T
../data/imgs/train/c9/img_29307.jpg,9,9,T
../data/imgs/train/c0/img_78874.jpg,0,0,T
../data/imgs/train/c4/img_3821.jpg,4,4,T
../data/imgs/train/c0/img_99846.jpg,0,0,T
../data/imgs/train/c8/img_94386.jpg,8,8,T
../data/imgs/train/c3/img_24563.jpg,3,3,T
../data/imgs/train/c4/img_34566.jpg,4,4,T
../data/imgs/train/c4/img_35535.jpg,4,4,T
../data/imgs/train/c4/img_9248.jpg,4,4,T
../data/imgs/train/c3/img_86136.jpg,3,3,T
../data/imgs/train/c0/img_67292.jpg,0,0,T
../data/imgs/train/c5/img_21645.jpg,5,5,T
../data/imgs/train/c8/img_4520.jpg,8,8,T
../data/imgs/train/c8/img_23443.jpg,8,8,T
../data/imgs/train/c1/img_23966.jpg,1,1,T
../data/imgs/train/c1/img_35339.jpg,1,1,T
../data/imgs/train/c3/img_216.jpg,3,3,T
../data/imgs/train/c9/img_85449.jpg,9,9,T
../data/imgs/train/c9/img_28025.jpg,9,9,T
../data/imgs/train/c7/img_69089.jpg,7,7,T
../data/imgs/train/c7/img_84715.jpg,7,7,T
../data/imgs/train/c8/img_95770.jpg,8,8,T
../data/imgs/train/c8/img_17854.jpg,8,8,T
../data/imgs/train/c9/img_54054.jpg,9,9,T
../data/imgs/train/c5/img_52243.jpg,5,5,T
../data/imgs/train/c2/img_44274.jpg,2,2,T
../data/imgs/train/c4/img_54107.jpg,4,4,T
../data/imgs/train/c7/img_80006.jpg,7,7,T
../data/imgs/train/c4/img_60935.jpg,4,4,T
../data/imgs/train/c0/img_80241.jpg,0,0,T
../data/imgs/train/c3/img_3317.jpg,3,3,T
../data/imgs/train/c2/img_45275.jpg,2,2,T
../data/imgs/train/c9/img_3214.jpg,9,9,T
../data/imgs/train/c2/img_54176.jpg,2,2,T
../data/imgs/train/c5/img_19257.jpg,5,5,T
../data/imgs/train/c5/img_81633.jpg,5,5,T
../data/imgs/train/c9/img_64982.jpg,9,9,T
../data/imgs/train/c2/img_7061.jpg,2,2,T
../data/imgs/train/c3/img_48914.jpg,3,3,T
../data/imgs/train/c7/img_4186.jpg,7,7,T
../data/imgs/train/c3/img_40857.jpg,3,3,T
../data/imgs/train/c3/img_62420.jpg,3,3,T
../data/imgs/train/c4/img_16175.jpg,4,4,T
../data/imgs/train/c1/img_69944.jpg,1,1,T
../data/imgs/train/c3/img_93325.jpg,3,3,T
../data/imgs/train/c7/img_24598.jpg,7,7,T
../data/imgs/train/c7/img_71300.jpg,7,7,T
../data/imgs/train/c7/img_27689.jpg,7,7,T
../data/imgs/train/c9/img_39227.jpg,7,9,F
../data/imgs/train/c7/img_16156.jpg,7,7,T
../data/imgs/train/c9/img_66255.jpg,9,9,T
../data/imgs/train/c5/img_65224.jpg,5,5,T
../data/imgs/train/c7/img_41313.jpg,7,7,T
../data/imgs/train/c5/img_62610.jpg,5,5,T
../data/imgs/train/c9/img_68636.jpg,9,9,T
../data/imgs/train/c0/img_44544.jpg,0,0,T
../data/imgs/train/c1/img_71665.jpg,1,1,T
../data/imgs/train/c6/img_41372.jpg,6,6,T
../data/imgs/train/c1/img_60856.jpg,1,1,T
../data/imgs/train/c4/img_4353.jpg,4,4,T
../data/imgs/train/c1/img_73840.jpg,1,1,T
../data/imgs/train/c2/img_58738.jpg,2,2,T
../data/imgs/train/c5/img_69127.jpg,5,5,T
../data/imgs/train/c7/img_83335.jpg,7,7,T
../data/imgs/train/c9/img_74922.jpg,9,9,T
../data/imgs/train/c3/img_47864.jpg,3,3,T
../data/imgs/train/c2/img_31740.jpg,2,2,T
../data/imgs/train/c0/img_15823.jpg,0,0,T
../data/imgs/train/c2/img_28156.jpg,2,2,T
../data/imgs/train/c8/img_18575.jpg,8,8,T
../data/imgs/train/c2/img_51235.jpg,2,2,T
../data/imgs/train/c4/img_22856.jpg,4,4,T
../data/imgs/train/c5/img_667.jpg,5,5,T
../data/imgs/train/c8/img_76963.jpg,8,8,T
../data/imgs/train/c1/img_70622.jpg,1,1,T
../data/imgs/train/c6/img_35245.jpg,6,6,T
../data/imgs/train/c1/img_56039.jpg,1,1,T
../data/imgs/train/c0/img_96406.jpg,0,0,T
../data/imgs/train/c8/img_101736.jpg,8,8,T
../data/imgs/train/c1/img_29100.jpg,1,1,T
../data/imgs/train/c5/img_90180.jpg,5,5,T
../data/imgs/train/c2/img_67501.jpg,2,2,T
../data/imgs/train/c6/img_69390.jpg,6,6,T
../data/imgs/train/c9/img_33790.jpg,9,9,T
../data/imgs/train/c0/img_66673.jpg,0,0,T
../data/imgs/train/c1/img_22709.jpg,1,1,T
../data/imgs/train/c5/img_9405.jpg,5,5,T
../data/imgs/train/c7/img_5096.jpg,7,7,T
../data/imgs/train/c5/img_65330.jpg,5,5,T
../data/imgs/train/c7/img_24762.jpg,7,7,T
../data/imgs/train/c6/img_87902.jpg,6,6,T
../data/imgs/train/c7/img_24957.jpg,7,7,T
../data/imgs/train/c6/img_51044.jpg,6,6,T
../data/imgs/train/c7/img_41619.jpg,7,7,T
../data/imgs/train/c1/img_24690.jpg,1,1,T
../data/imgs/train/c4/img_64909.jpg,4,4,T
../data/imgs/train/c4/img_43984.jpg,4,4,T
../data/imgs/train/c0/img_93047.jpg,0,0,T
../data/imgs/train/c5/img_65706.jpg,5,5,T
../data/imgs/train/c1/img_36969.jpg,1,1,T
../data/imgs/train/c6/img_100540.jpg,6,6,T
../data/imgs/train/c2/img_82269.jpg,2,2,T
../data/imgs/train/c8/img_37781.jpg,8,8,T
../data/imgs/train/c5/img_100334.jpg,5,5,T
../data/imgs/train/c9/img_71065.jpg,9,9,T
../data/imgs/train/c3/img_72107.jpg,3,3,T
../data/imgs/train/c6/img_73156.jpg,6,6,T
../data/imgs/train/c9/img_15496.jpg,9,9,T
../data/imgs/train/c7/img_30600.jpg,7,7,T
../data/imgs/train/c2/img_21887.jpg,2,2,T
../data/imgs/train/c4/img_46882.jpg,4,4,T
../data/imgs/train/c6/img_68308.jpg,6,6,T
../data/imgs/train/c2/img_34699.jpg,2,2,T
../data/imgs/train/c6/img_40353.jpg,6,6,T
../data/imgs/train/c7/img_75177.jpg,7,7,T
../data/imgs/train/c7/img_20202.jpg,7,7,T
../data/imgs/train/c2/img_40814.jpg,2,2,T
../data/imgs/train/c9/img_47970.jpg,9,9,T
../data/imgs/train/c9/img_66616.jpg,9,9,T
../data/imgs/train/c9/img_76204.jpg,9,9,T
../data/imgs/train/c5/img_64329.jpg,5,5,T
../data/imgs/train/c1/img_95081.jpg,1,1,T
../data/imgs/train/c0/img_49161.jpg,0,0,T
../data/imgs/train/c0/img_1039.jpg,0,0,T
../data/imgs/train/c1/img_18003.jpg,1,1,T
../data/imgs/train/c4/img_34900.jpg,4,4,T
../data/imgs/train/c0/img_87674.jpg,0,0,T
../data/imgs/train/c9/img_54428.jpg,9,9,T
../data/imgs/train/c7/img_8817.jpg,7,7,T
../data/imgs/train/c3/img_42963.jpg,3,3,T
../data/imgs/train/c7/img_48540.jpg,7,7,T
../data/imgs/train/c2/img_49039.jpg,2,2,T
../data/imgs/train/c6/img_94121.jpg,6,6,T
../data/imgs/train/c8/img_55449.jpg,8,8,T
../data/imgs/train/c9/img_87534.jpg,9,9,T
../data/imgs/train/c4/img_32885.jpg,4,4,T
../data/imgs/train/c0/img_40718.jpg,0,0,T
../data/imgs/train/c3/img_46508.jpg,3,3,T
../data/imgs/train/c1/img_83098.jpg,1,1,T
../data/imgs/train/c1/img_65954.jpg,1,1,T
../data/imgs/train/c6/img_36895.jpg,6,6,T
../data/imgs/train/c2/img_92409.jpg,2,2,T
../data/imgs/train/c1/img_21915.jpg,1,1,T
../data/imgs/train/c9/img_30113.jpg,9,9,T
../data/imgs/train/c4/img_44833.jpg,4,4,T
../data/imgs/train/c6/img_54633.jpg,6,6,T
../data/imgs/train/c6/img_62683.jpg,6,6,T
../data/imgs/train/c0/img_101673.jpg,0,0,T
../data/imgs/train/c4/img_19008.jpg,4,4,T
../data/imgs/train/c6/img_78546.jpg,6,6,T
../data/imgs/train/c6/img_24829.jpg,6,6,T
../data/imgs/train/c1/img_62154.jpg,1,1,T
../data/imgs/train/c0/img_61415.jpg,0,0,T
../data/imgs/train/c7/img_50573.jpg,7,7,T
../data/imgs/train/c8/img_41700.jpg,8,8,T
../data/imgs/train/c1/img_69858.jpg,1,1,T
../data/imgs/train/c0/img_94842.jpg,0,0,T
../data/imgs/train/c5/img_49687.jpg,5,5,T
../data/imgs/train/c6/img_78610.jpg,6,6,T
../data/imgs/train/c4/img_49619.jpg,4,4,T
../data/imgs/train/c7/img_73272.jpg,7,7,T
../data/imgs/train/c4/img_3032.jpg,4,4,T
../data/imgs/train/c8/img_74098.jpg,8,8,T
../data/imgs/train/c2/img_94932.jpg,2,2,T
../data/imgs/train/c9/img_66129.jpg,9,9,T
../data/imgs/train/c4/img_96526.jpg,4,4,T
../data/imgs/train/c0/img_35878.jpg,0,0,T
../data/imgs/train/c9/img_29909.jpg,9,9,T
../data/imgs/train/c3/img_62800.jpg,3,3,T
../data/imgs/train/c2/img_88556.jpg,2,2,T
../data/imgs/train/c1/img_9915.jpg,1,1,T
../data/imgs/train/c7/img_42593.jpg,7,7,T
../data/imgs/train/c9/img_99010.jpg,9,9,T
../data/imgs/train/c4/img_65419.jpg,4,4,T
../data/imgs/train/c3/img_72587.jpg,3,3,T
../data/imgs/train/c7/img_95621.jpg,7,7,T
../data/imgs/train/c4/img_13459.jpg,4,4,T
../data/imgs/train/c3/img_37063.jpg,3,3,T
../data/imgs/train/c6/img_87915.jpg,6,6,T
../data/imgs/train/c4/img_6469.jpg,4,4,T
../data/imgs/train/c1/img_90606.jpg,1,1,T
../data/imgs/train/c5/img_33007.jpg,5,5,T
../data/imgs/train/c4/img_93609.jpg,4,4,T
../data/imgs/train/c4/img_19967.jpg,4,4,T
../data/imgs/train/c0/img_39839.jpg,0,0,T
../data/imgs/train/c4/img_88621.jpg,4,4,T
../data/imgs/train/c7/img_96845.jpg,7,7,T
../data/imgs/train/c5/img_81274.jpg,5,5,T
../data/imgs/train/c1/img_32382.jpg,1,1,T
../data/imgs/train/c0/img_95339.jpg,0,0,T
../data/imgs/train/c6/img_10473.jpg,6,6,T
../data/imgs/train/c9/img_27342.jpg,9,9,T
../data/imgs/train/c7/img_602.jpg,7,7,T
../data/imgs/train/c0/img_49612.jpg,0,0,T
../data/imgs/train/c6/img_81728.jpg,6,6,T
../data/imgs/train/c5/img_17571.jpg,5,5,T
../data/imgs/train/c7/img_87813.jpg,7,7,T
../data/imgs/train/c1/img_12579.jpg,1,1,T
../data/imgs/train/c6/img_61811.jpg,6,6,T
../data/imgs/train/c7/img_71340.jpg,7,7,T
../data/imgs/train/c4/img_45364.jpg,4,4,T
../data/imgs/train/c3/img_17310.jpg,3,3,T
../data/imgs/train/c1/img_42739.jpg,1,1,T
../data/imgs/train/c5/img_80483.jpg,5,5,T
../data/imgs/train/c3/img_2115.jpg,3,3,T
../data/imgs/train/c7/img_15262.jpg,7,7,T
../data/imgs/train/c4/img_14593.jpg,4,4,T
../data/imgs/train/c2/img_66213.jpg,2,2,T
../data/imgs/train/c0/img_67320.jpg,0,0,T
../data/imgs/train/c4/img_101920.jpg,4,4,T
../data/imgs/train/c2/img_6465.jpg,2,2,T
../data/imgs/train/c3/img_66717.jpg,3,3,T
../data/imgs/train/c5/img_17740.jpg,5,5,T
../data/imgs/train/c8/img_87515.jpg,8,8,T
../data/imgs/train/c8/img_52596.jpg,6,8,F
../data/imgs/train/c2/img_30565.jpg,2,2,T
../data/imgs/train/c1/img_42558.jpg,1,1,T
../data/imgs/train/c3/img_51917.jpg,3,3,T
../data/imgs/train/c2/img_10564.jpg,2,2,T
../data/imgs/train/c0/img_67176.jpg,0,0,T
../data/imgs/train/c0/img_63064.jpg,0,0,T
../data/imgs/train/c4/img_76142.jpg,4,4,T
../data/imgs/train/c1/img_79033.jpg,1,1,T
../data/imgs/train/c7/img_22678.jpg,7,7,T
../data/imgs/train/c4/img_82159.jpg,4,4,T
../data/imgs/train/c9/img_94696.jpg,9,9,T
../data/imgs/train/c3/img_15132.jpg,3,3,T
../data/imgs/train/c7/img_44782.jpg,7,7,T
../data/imgs/train/c5/img_94498.jpg,5,5,T
../data/imgs/train/c0/img_49392.jpg,0,0,T
../data/imgs/train/c3/img_72215.jpg,3,3,T
../data/imgs/train/c8/img_51493.jpg,8,8,T
../data/imgs/train/c6/img_43457.jpg,6,6,T
../data/imgs/train/c4/img_88936.jpg,4,4,T
../data/imgs/train/c5/img_52289.jpg,5,5,T
../data/imgs/train/c2/img_31930.jpg,2,2,T
../data/imgs/train/c6/img_23459.jpg,6,6,T
../data/imgs/train/c2/img_42032.jpg,2,2,T
../data/imgs/train/c0/img_83852.jpg,0,0,T
../data/imgs/train/c0/img_64461.jpg,0,0,T
../data/imgs/train/c5/img_30288.jpg,5,5,T
../data/imgs/train/c3/img_100503.jpg,3,3,T
../data/imgs/train/c2/img_25499.jpg,2,2,T
../data/imgs/train/c0/img_36910.jpg,0,0,T
../data/imgs/train/c0/img_97574.jpg,0,0,T
../data/imgs/train/c9/img_17453.jpg,9,9,T
../data/imgs/train/c7/img_34700.jpg,7,7,T
../data/imgs/train/c9/img_69155.jpg,9,9,T
../data/imgs/train/c6/img_44415.jpg,6,6,T
../data/imgs/train/c8/img_95504.jpg,8,8,T
../data/imgs/train/c2/img_98762.jpg,2,2,T
../data/imgs/train/c4/img_40986.jpg,4,4,T
../data/imgs/train/c0/img_66694.jpg,0,0,T
../data/imgs/train/c2/img_53925.jpg,2,2,T
../data/imgs/train/c6/img_88304.jpg,6,6,T
../data/imgs/train/c9/img_8798.jpg,9,9,T
../data/imgs/train/c3/img_14485.jpg,3,3,T
../data/imgs/train/c4/img_63308.jpg,4,4,T
../data/imgs/train/c4/img_44862.jpg,4,4,T
../data/imgs/train/c9/img_18881.jpg,9,9,T
../data/imgs/train/c2/img_44940.jpg,2,2,T
../data/imgs/train/c7/img_26854.jpg,7,7,T
../data/imgs/train/c3/img_79080.jpg,3,3,T
../data/imgs/train/c2/img_23205.jpg,2,2,T
../data/imgs/train/c7/img_20781.jpg,7,7,T
../data/imgs/train/c8/img_57155.jpg,8,8,T
../data/imgs/train/c2/img_85046.jpg,2,2,T
../data/imgs/train/c1/img_8977.jpg,1,1,T
../data/imgs/train/c6/img_12699.jpg,6,6,T
../data/imgs/train/c9/img_17137.jpg,9,9,T
../data/imgs/train/c1/img_62836.jpg,1,1,T
../data/imgs/train/c9/img_59391.jpg,9,9,T
../data/imgs/train/c1/img_78278.jpg,1,1,T
../data/imgs/train/c9/img_43540.jpg,9,9,T
../data/imgs/train/c6/img_87360.jpg,6,6,T
../data/imgs/train/c7/img_23441.jpg,7,7,T
../data/imgs/train/c5/img_40621.jpg,5,5,T
../data/imgs/train/c4/img_62566.jpg,4,4,T
../data/imgs/train/c7/img_89918.jpg,7,7,T
../data/imgs/train/c3/img_4640.jpg,3,3,T
../data/imgs/train/c2/img_30538.jpg,2,2,T
../data/imgs/train/c4/img_48459.jpg,4,4,T
../data/imgs/train/c1/img_55461.jpg,1,1,T
../data/imgs/train/c7/img_65452.jpg,7,7,T
../data/imgs/train/c8/img_3735.jpg,8,8,T
../data/imgs/train/c4/img_62804.jpg,4,4,T
../data/imgs/train/c1/img_49415.jpg,1,1,T
../data/imgs/train/c6/img_5167.jpg,6,6,T
../data/imgs/train/c1/img_69956.jpg,1,1,T
../data/imgs/train/c4/img_64068.jpg,4,4,T
../data/imgs/train/c3/img_6799.jpg,3,3,T
../data/imgs/train/c5/img_48918.jpg,5,5,T
../data/imgs/train/c8/img_14560.jpg,9,8,F
../data/imgs/train/c5/img_5653.jpg,5,5,T
../data/imgs/train/c0/img_39113.jpg,0,0,T
../data/imgs/train/c8/img_37314.jpg,8,8,T
../data/imgs/train/c2/img_83262.jpg,2,2,T
../data/imgs/train/c5/img_14204.jpg,5,5,T
../data/imgs/train/c4/img_35836.jpg,4,4,T
../data/imgs/train/c7/img_49792.jpg,7,7,T
../data/imgs/train/c9/img_23736.jpg,9,9,T
../data/imgs/train/c9/img_3965.jpg,9,9,T
../data/imgs/train/c4/img_19094.jpg,4,4,T
../data/imgs/train/c2/img_35930.jpg,2,2,T
../data/imgs/train/c3/img_57710.jpg,3,3,T
../data/imgs/train/c8/img_47469.jpg,8,8,T
../data/imgs/train/c7/img_13174.jpg,7,7,T
../data/imgs/train/c5/img_76436.jpg,5,5,T
../data/imgs/train/c6/img_23108.jpg,6,6,T
../data/imgs/train/c4/img_10025.jpg,4,4,T
../data/imgs/train/c6/img_100232.jpg,6,6,T
../data/imgs/train/c4/img_82202.jpg,4,4,T
../data/imgs/train/c5/img_23350.jpg,8,5,F
../data/imgs/train/c1/img_7981.jpg,1,1,T
../data/imgs/train/c6/img_22989.jpg,6,6,T
../data/imgs/train/c3/img_61627.jpg,3,3,T
../data/imgs/train/c9/img_81677.jpg,9,9,T
../data/imgs/train/c7/img_74834.jpg,7,7,T
../data/imgs/train/c4/img_4391.jpg,4,4,T
../data/imgs/train/c3/img_42669.jpg,3,3,T
../data/imgs/train/c7/img_102129.jpg,7,7,T
../data/imgs/train/c6/img_74066.jpg,6,6,T
../data/imgs/train/c2/img_42132.jpg,2,2,T
../data/imgs/train/c9/img_53522.jpg,9,9,T
../data/imgs/train/c5/img_101578.jpg,5,5,T
../data/imgs/train/c8/img_40239.jpg,8,8,T
../data/imgs/train/c4/img_47930.jpg,4,4,T
../data/imgs/train/c4/img_58313.jpg,4,4,T
../data/imgs/train/c7/img_26517.jpg,7,7,T
../data/imgs/train/c9/img_55.jpg,9,9,T
../data/imgs/train/c2/img_63706.jpg,2,2,T
../data/imgs/train/c4/img_17174.jpg,4,4,T
../data/imgs/train/c9/img_80965.jpg,9,9,T
../data/imgs/train/c2/img_74452.jpg,2,2,T
../data/imgs/train/c1/img_71544.jpg,1,1,T
../data/imgs/train/c4/img_94578.jpg,4,4,T
../data/imgs/train/c9/img_60861.jpg,9,9,T
../data/imgs/train/c2/img_66850.jpg,2,2,T
../data/imgs/train/c3/img_73739.jpg,3,3,T
../data/imgs/train/c0/img_7819.jpg,0,0,T
../data/imgs/train/c9/img_25191.jpg,9,9,T
../data/imgs/train/c8/img_92391.jpg,8,8,T
../data/imgs/train/c9/img_27379.jpg,9,9,T
../data/imgs/train/c6/img_43653.jpg,6,6,T
../data/imgs/train/c0/img_95728.jpg,0,0,T
../data/imgs/train/c1/img_75368.jpg,1,1,T
../data/imgs/train/c9/img_67155.jpg,9,9,T
../data/imgs/train/c6/img_73414.jpg,6,6,T
../data/imgs/train/c8/img_9499.jpg,8,8,T
../data/imgs/train/c2/img_50686.jpg,2,2,T
../data/imgs/train/c3/img_80475.jpg,3,3,T
../data/imgs/train/c0/img_15571.jpg,0,0,T
../data/imgs/train/c8/img_82583.jpg,8,8,T
../data/imgs/train/c6/img_11611.jpg,6,6,T
../data/imgs/train/c6/img_8010.jpg,6,6,T
../data/imgs/train/c7/img_53040.jpg,7,7,T
../data/imgs/train/c0/img_83924.jpg,0,0,T
../data/imgs/train/c2/img_89750.jpg,2,2,T
../data/imgs/train/c6/img_14351.jpg,6,6,T
../data/imgs/train/c8/img_50401.jpg,9,8,F
../data/imgs/train/c2/img_87286.jpg,2,2,T
../data/imgs/train/c3/img_54846.jpg,3,3,T
../data/imgs/train/c2/img_83377.jpg,2,2,T
../data/imgs/train/c3/img_11177.jpg,3,3,T
../data/imgs/train/c0/img_58686.jpg,0,0,T
../data/imgs/train/c4/img_89213.jpg,4,4,T
../data/imgs/train/c7/img_44404.jpg,7,7,T
../data/imgs/train/c1/img_14835.jpg,1,1,T
../data/imgs/train/c1/img_85411.jpg,1,1,T
../data/imgs/train/c1/img_79864.jpg,1,1,T
../data/imgs/train/c8/img_1554.jpg,8,8,T
../data/imgs/train/c6/img_72563.jpg,6,6,T
../data/imgs/train/c8/img_22654.jpg,8,8,T
../data/imgs/train/c0/img_98853.jpg,0,0,T
../data/imgs/train/c3/img_45886.jpg,3,3,T
../data/imgs/train/c6/img_25847.jpg,6,6,T
../data/imgs/train/c3/img_51897.jpg,3,3,T
../data/imgs/train/c2/img_52278.jpg,2,2,T
../data/imgs/train/c8/img_7923.jpg,8,8,T
../data/imgs/train/c7/img_845.jpg,7,7,T
../data/imgs/train/c3/img_569.jpg,3,3,T
../data/imgs/train/c4/img_88581.jpg,4,4,T
../data/imgs/train/c9/img_54.jpg,9,9,T
../data/imgs/train/c1/img_1077.jpg,1,1,T
../data/imgs/train/c6/img_1424.jpg,6,6,T
../data/imgs/train/c7/img_69642.jpg,7,7,T
../data/imgs/train/c0/img_17758.jpg,0,0,T
../data/imgs/train/c3/img_28543.jpg,3,3,T
../data/imgs/train/c0/img_51658.jpg,0,0,T
../data/imgs/train/c5/img_15335.jpg,5,5,T
../data/imgs/train/c4/img_93410.jpg,4,4,T
../data/imgs/train/c6/img_47039.jpg,6,6,T
../data/imgs/train/c9/img_61897.jpg,9,9,T
../data/imgs/train/c8/img_76212.jpg,8,8,T
../data/imgs/train/c3/img_80916.jpg,3,3,T
../data/imgs/train/c1/img_64762.jpg,1,1,T
../data/imgs/train/c2/img_60707.jpg,2,2,T
../data/imgs/train/c7/img_78522.jpg,7,7,T
../data/imgs/train/c9/img_97500.jpg,9,9,T
../data/imgs/train/c4/img_99470.jpg,4,4,T
../data/imgs/train/c0/img_58922.jpg,9,0,F
../data/imgs/train/c9/img_4658.jpg,9,9,T
../data/imgs/train/c2/img_68641.jpg,2,2,T
../data/imgs/train/c2/img_7649.jpg,2,2,T
../data/imgs/train/c3/img_69876.jpg,3,3,T
../data/imgs/train/c8/img_67682.jpg,8,8,T
../data/imgs/train/c8/img_89464.jpg,8,8,T
../data/imgs/train/c4/img_10125.jpg,4,4,T
../data/imgs/train/c3/img_47421.jpg,3,3,T
../data/imgs/train/c9/img_36746.jpg,9,9,T
../data/imgs/train/c7/img_95315.jpg,7,7,T
../data/imgs/train/c3/img_52682.jpg,3,3,T
../data/imgs/train/c3/img_38942.jpg,3,3,T
../data/imgs/train/c6/img_93604.jpg,6,6,T
../data/imgs/train/c3/img_48397.jpg,3,3,T
../data/imgs/train/c1/img_97787.jpg,1,1,T
../data/imgs/train/c1/img_27426.jpg,1,1,T
../data/imgs/train/c8/img_78085.jpg,8,8,T
../data/imgs/train/c9/img_78976.jpg,9,9,T
../data/imgs/train/c0/img_88140.jpg,0,0,T
../data/imgs/train/c3/img_44305.jpg,3,3,T
../data/imgs/train/c4/img_72913.jpg,4,4,T
../data/imgs/train/c1/img_71532.jpg,1,1,T
../data/imgs/train/c3/img_4863.jpg,3,3,T
../data/imgs/train/c8/img_62221.jpg,8,8,T
../data/imgs/train/c6/img_23850.jpg,6,6,T
../data/imgs/train/c8/img_69185.jpg,8,8,T
../data/imgs/train/c7/img_56724.jpg,7,7,T
../data/imgs/train/c5/img_4899.jpg,5,5,T
../data/imgs/train/c0/img_81940.jpg,0,0,T
../data/imgs/train/c5/img_95487.jpg,5,5,T
../data/imgs/train/c4/img_55845.jpg,4,4,T
../data/imgs/train/c8/img_70228.jpg,8,8,T
../data/imgs/train/c5/img_60560.jpg,5,5,T
../data/imgs/train/c5/img_5459.jpg,5,5,T
../data/imgs/train/c7/img_54076.jpg,7,7,T
../data/imgs/train/c3/img_64223.jpg,3,3,T
../data/imgs/train/c4/img_75896.jpg,4,4,T
../data/imgs/train/c4/img_5553.jpg,4,4,T
../data/imgs/train/c5/img_23077.jpg,5,5,T
../data/imgs/train/c2/img_88362.jpg,2,2,T
../data/imgs/train/c9/img_3512.jpg,9,9,T
../data/imgs/train/c1/img_62070.jpg,1,1,T
../data/imgs/train/c3/img_11743.jpg,3,3,T
../data/imgs/train/c5/img_36152.jpg,5,5,T
../data/imgs/train/c9/img_90487.jpg,9,9,T
../data/imgs/train/c8/img_711.jpg,8,8,T
../data/imgs/train/c5/img_12829.jpg,5,5,T
../data/imgs/train/c2/img_19925.jpg,2,2,T
../data/imgs/train/c2/img_83488.jpg,2,2,T
../data/imgs/train/c0/img_70442.jpg,0,0,T
../data/imgs/train/c1/img_23190.jpg,1,1,T
../data/imgs/train/c9/img_84339.jpg,9,9,T
../data/imgs/train/c4/img_94226.jpg,4,4,T
../data/imgs/train/c3/img_94860.jpg,3,3,T
../data/imgs/train/c1/img_80772.jpg,1,1,T
../data/imgs/train/c5/img_28705.jpg,5,5,T
../data/imgs/train/c2/img_95778.jpg,2,2,T
../data/imgs/train/c5/img_1536.jpg,5,5,T
../data/imgs/train/c3/img_7367.jpg,3,3,T
../data/imgs/train/c5/img_56105.jpg,5,5,T
../data/imgs/train/c8/img_72754.jpg,8,8,T
../data/imgs/train/c8/img_100235.jpg,8,8,T
../data/imgs/train/c1/img_26334.jpg,1,1,T
../data/imgs/train/c2/img_30591.jpg,2,2,T
../data/imgs/train/c8/img_46758.jpg,8,8,T
../data/imgs/train/c4/img_47653.jpg,4,4,T
../data/imgs/train/c7/img_27242.jpg,7,7,T
../data/imgs/train/c0/img_43296.jpg,0,0,T
../data/imgs/train/c5/img_50697.jpg,5,5,T
../data/imgs/train/c2/img_66370.jpg,2,2,T
../data/imgs/train/c8/img_47709.jpg,8,8,T
../data/imgs/train/c9/img_33074.jpg,9,9,T
../data/imgs/train/c4/img_85743.jpg,4,4,T
../data/imgs/train/c2/img_38873.jpg,2,2,T
../data/imgs/train/c7/img_69823.jpg,7,7,T
../data/imgs/train/c7/img_93089.jpg,7,7,T
../data/imgs/train/c3/img_61346.jpg,3,3,T
../data/imgs/train/c9/img_53058.jpg,9,9,T
../data/imgs/train/c5/img_91055.jpg,5,5,T
../data/imgs/train/c7/img_18510.jpg,7,7,T
../data/imgs/train/c2/img_4740.jpg,2,2,T
../data/imgs/train/c2/img_52919.jpg,2,2,T
../data/imgs/train/c8/img_30324.jpg,8,8,T
../data/imgs/train/c0/img_62376.jpg,0,0,T
../data/imgs/train/c6/img_35826.jpg,6,6,T
../data/imgs/train/c3/img_41927.jpg,3,3,T
../data/imgs/train/c4/img_50018.jpg,4,4,T
../data/imgs/train/c7/img_44321.jpg,7,7,T
../data/imgs/train/c5/img_44549.jpg,5,5,T
../data/imgs/train/c1/img_68592.jpg,1,1,T
../data/imgs/train/c7/img_93920.jpg,7,7,T
../data/imgs/train/c4/img_56611.jpg,4,4,T
../data/imgs/train/c2/img_1589.jpg,2,2,T
../data/imgs/train/c4/img_35762.jpg,4,4,T
../data/imgs/train/c3/img_26544.jpg,3,3,T
../data/imgs/train/c0/img_9007.jpg,0,0,T
../data/imgs/train/c4/img_29914.jpg,4,4,T
../data/imgs/train/c3/img_51204.jpg,3,3,T
../data/imgs/train/c0/img_32714.jpg,0,0,T
../data/imgs/train/c8/img_59400.jpg,8,8,T
../data/imgs/train/c3/img_36646.jpg,3,3,T
../data/imgs/train/c0/img_25094.jpg,0,0,T
../data/imgs/train/c3/img_19856.jpg,3,3,T
../data/imgs/train/c6/img_40417.jpg,6,6,T
../data/imgs/train/c7/img_19427.jpg,7,7,T
../data/imgs/train/c8/img_69948.jpg,8,8,T
../data/imgs/train/c3/img_90603.jpg,3,3,T
../data/imgs/train/c9/img_46014.jpg,9,9,T
../data/imgs/train/c5/img_13008.jpg,5,5,T
../data/imgs/train/c0/img_39507.jpg,0,0,T
../data/imgs/train/c8/img_70748.jpg,8,8,T
../data/imgs/train/c5/img_86979.jpg,5,5,T
../data/imgs/train/c2/img_23318.jpg,2,2,T
../data/imgs/train/c8/img_34889.jpg,8,8,T
../data/imgs/train/c0/img_101286.jpg,0,0,T
../data/imgs/train/c1/img_32654.jpg,1,1,T
../data/imgs/train/c8/img_11896.jpg,8,8,T
../data/imgs/train/c3/img_78082.jpg,3,3,T
../data/imgs/train/c1/img_65098.jpg,1,1,T
../data/imgs/train/c5/img_79669.jpg,5,5,T
../data/imgs/train/c4/img_67956.jpg,4,4,T
../data/imgs/train/c3/img_88372.jpg,3,3,T
../data/imgs/train/c0/img_92725.jpg,0,0,T
../data/imgs/train/c1/img_30504.jpg,1,1,T
../data/imgs/train/c7/img_19836.jpg,7,7,T
../data/imgs/train/c7/img_62664.jpg,7,7,T
../data/imgs/train/c4/img_92206.jpg,4,4,T
../data/imgs/train/c6/img_90445.jpg,6,6,T
../data/imgs/train/c8/img_23033.jpg,8,8,T
../data/imgs/train/c6/img_66265.jpg,6,6,T
../data/imgs/train/c7/img_100825.jpg,7,7,T
../data/imgs/train/c2/img_76136.jpg,2,2,T
../data/imgs/train/c0/img_23231.jpg,0,0,T
../data/imgs/train/c2/img_1496.jpg,2,2,T
../data/imgs/train/c7/img_75743.jpg,7,7,T
../data/imgs/train/c4/img_14981.jpg,4,4,T
../data/imgs/train/c2/img_60235.jpg,2,2,T
../data/imgs/train/c8/img_65341.jpg,8,8,T
../data/imgs/train/c8/img_19913.jpg,8,8,T
../data/imgs/train/c3/img_33615.jpg,3,3,T
../data/imgs/train/c9/img_337.jpg,9,9,T
../data/imgs/train/c7/img_15379.jpg,7,7,T
../data/imgs/train/c0/img_80676.jpg,0,0,T
../data/imgs/train/c9/img_67744.jpg,9,9,T
../data/imgs/train/c9/img_14866.jpg,9,9,T
../data/imgs/train/c0/img_39280.jpg,0,0,T
../data/imgs/train/c2/img_80857.jpg,2,2,T
../data/imgs/train/c6/img_86740.jpg,6,6,T
../data/imgs/train/c0/img_67041.jpg,0,0,T
../data/imgs/train/c7/img_21502.jpg,7,7,T
../data/imgs/train/c3/img_2114.jpg,3,3,T
../data/imgs/train/c3/img_84682.jpg,3,3,T
../data/imgs/train/c5/img_8011.jpg,5,5,T
../data/imgs/train/c4/img_2910.jpg,4,4,T
../data/imgs/train/c5/img_97786.jpg,5,5,T
../data/imgs/train/c1/img_11053.jpg,1,1,T
../data/imgs/train/c1/img_42876.jpg,1,1,T
../data/imgs/train/c4/img_11090.jpg,4,4,T
../data/imgs/train/c5/img_97595.jpg,5,5,T
../data/imgs/train/c1/img_69886.jpg,1,1,T
../data/imgs/train/c6/img_55712.jpg,6,6,T
../data/imgs/train/c8/img_46011.jpg,8,8,T
../data/imgs/train/c3/img_43954.jpg,3,3,T
../data/imgs/train/c4/img_87038.jpg,4,4,T
../data/imgs/train/c9/img_14491.jpg,9,9,T
../data/imgs/train/c4/img_14507.jpg,4,4,T
../data/imgs/train/c8/img_10580.jpg,8,8,T
../data/imgs/train/c2/img_67342.jpg,2,2,T
../data/imgs/train/c9/img_67234.jpg,9,9,T
../data/imgs/train/c3/img_40560.jpg,3,3,T
../data/imgs/train/c4/img_88744.jpg,4,4,T
../data/imgs/train/c1/img_48599.jpg,1,1,T
../data/imgs/train/c5/img_70250.jpg,5,5,T
../data/imgs/train/c3/img_49889.jpg,3,3,T
../data/imgs/train/c9/img_22614.jpg,9,9,T
../data/imgs/train/c6/img_6476.jpg,6,6,T
../data/imgs/train/c3/img_54480.jpg,3,3,T
../data/imgs/train/c2/img_76600.jpg,2,2,T
../data/imgs/train/c7/img_48001.jpg,7,7,T
../data/imgs/train/c6/img_81777.jpg,6,6,T
../data/imgs/train/c7/img_90211.jpg,7,7,T
../data/imgs/train/c5/img_76416.jpg,5,5,T
../data/imgs/train/c3/img_71644.jpg,3,3,T
../data/imgs/train/c7/img_18697.jpg,7,7,T
../data/imgs/train/c5/img_27143.jpg,5,5,T
../data/imgs/train/c1/img_95497.jpg,1,1,T
../data/imgs/train/c7/img_80256.jpg,7,7,T
../data/imgs/train/c3/img_74697.jpg,3,3,T
../data/imgs/train/c1/img_61263.jpg,1,1,T
../data/imgs/train/c2/img_37059.jpg,2,2,T
../data/imgs/train/c0/img_88169.jpg,0,0,T
../data/imgs/train/c0/img_31251.jpg,0,0,T
../data/imgs/train/c8/img_101034.jpg,8,8,T
../data/imgs/train/c6/img_1952.jpg,6,6,T
../data/imgs/train/c8/img_16874.jpg,8,8,T
../data/imgs/train/c3/img_52453.jpg,3,3,T
../data/imgs/train/c1/img_1407.jpg,1,1,T
../data/imgs/train/c1/img_85811.jpg,1,1,T
../data/imgs/train/c4/img_71518.jpg,4,4,T
../data/imgs/train/c5/img_15127.jpg,5,5,T
../data/imgs/train/c7/img_59527.jpg,7,7,T
../data/imgs/train/c1/img_4343.jpg,1,1,T
../data/imgs/train/c2/img_91184.jpg,2,2,T
../data/imgs/train/c9/img_64532.jpg,9,9,T
../data/imgs/train/c8/img_32172.jpg,8,8,T
../data/imgs/train/c2/img_86887.jpg,2,2,T
../data/imgs/train/c4/img_67896.jpg,4,4,T
../data/imgs/train/c9/img_53633.jpg,9,9,T
../data/imgs/train/c1/img_25752.jpg,1,1,T
../data/imgs/train/c7/img_46398.jpg,7,7,T
../data/imgs/train/c3/img_62497.jpg,3,3,T
../data/imgs/train/c8/img_12485.jpg,8,8,T
../data/imgs/train/c9/img_24934.jpg,9,9,T
../data/imgs/train/c6/img_40201.jpg,6,6,T
../data/imgs/train/c4/img_2730.jpg,4,4,T
../data/imgs/train/c2/img_44839.jpg,2,2,T
../data/imgs/train/c2/img_24566.jpg,2,2,T
../data/imgs/train/c4/img_3345.jpg,4,4,T
../data/imgs/train/c6/img_37141.jpg,6,6,T
../data/imgs/train/c7/img_34690.jpg,7,7,T
../data/imgs/train/c0/img_95774.jpg,0,0,T
../data/imgs/train/c7/img_94952.jpg,7,7,T
../data/imgs/train/c7/img_95055.jpg,7,7,T
../data/imgs/train/c0/img_5957.jpg,0,0,T
../data/imgs/train/c5/img_47959.jpg,5,5,T
../data/imgs/train/c1/img_4747.jpg,1,1,T
../data/imgs/train/c0/img_72276.jpg,0,0,T
../data/imgs/train/c0/img_50998.jpg,0,0,T
../data/imgs/train/c4/img_13701.jpg,4,4,T
../data/imgs/train/c6/img_11294.jpg,6,6,T
../data/imgs/train/c4/img_92173.jpg,4,4,T
../data/imgs/train/c2/img_99236.jpg,2,2,T
../data/imgs/train/c3/img_15031.jpg,3,3,T
../data/imgs/train/c1/img_57167.jpg,1,1,T
../data/imgs/train/c6/img_85959.jpg,6,6,T
../data/imgs/train/c8/img_85996.jpg,8,8,T
../data/imgs/train/c4/img_96469.jpg,4,4,T
../data/imgs/train/c6/img_47967.jpg,6,6,T
../data/imgs/train/c1/img_80337.jpg,1,1,T
../data/imgs/train/c2/img_60911.jpg,2,2,T
../data/imgs/train/c6/img_86508.jpg,6,6,T
../data/imgs/train/c6/img_4198.jpg,6,6,T
../data/imgs/train/c4/img_101321.jpg,4,4,T
../data/imgs/train/c1/img_43305.jpg,1,1,T
../data/imgs/train/c4/img_4736.jpg,4,4,T
../data/imgs/train/c0/img_36854.jpg,0,0,T
../data/imgs/train/c2/img_73004.jpg,2,2,T
../data/imgs/train/c0/img_94353.jpg,0,0,T
../data/imgs/train/c3/img_65567.jpg,3,3,T
../data/imgs/train/c7/img_86875.jpg,7,7,T
../data/imgs/train/c6/img_380.jpg,6,6,T
../data/imgs/train/c1/img_37698.jpg,1,1,T
../data/imgs/train/c2/img_58340.jpg,2,2,T
../data/imgs/train/c1/img_19918.jpg,1,1,T
../data/imgs/train/c3/img_45397.jpg,3,3,T
../data/imgs/train/c5/img_29805.jpg,5,5,T
../data/imgs/train/c7/img_37401.jpg,7,7,T
../data/imgs/train/c6/img_78445.jpg,6,6,T
../data/imgs/train/c9/img_83436.jpg,9,9,T
../data/imgs/train/c8/img_69425.jpg,8,8,T
../data/imgs/train/c5/img_93220.jpg,5,5,T
../data/imgs/train/c1/img_94750.jpg,1,1,T
../data/imgs/train/c4/img_54158.jpg,4,4,T
../data/imgs/train/c6/img_19438.jpg,6,6,T
../data/imgs/train/c8/img_19616.jpg,8,8,T
../data/imgs/train/c1/img_21447.jpg,1,1,T
../data/imgs/train/c1/img_38371.jpg,1,1,T
../data/imgs/train/c6/img_97713.jpg,6,6,T
../data/imgs/train/c7/img_67188.jpg,7,7,T
../data/imgs/train/c1/img_26876.jpg,1,1,T
../data/imgs/train/c9/img_96054.jpg,9,9,T
../data/imgs/train/c0/img_41847.jpg,0,0,T
../data/imgs/train/c0/img_37413.jpg,0,0,T
../data/imgs/train/c6/img_30426.jpg,6,6,T
../data/imgs/train/c1/img_65822.jpg,1,1,T
../data/imgs/train/c9/img_50852.jpg,9,9,T
../data/imgs/train/c9/img_38232.jpg,9,9,T
../data/imgs/train/c9/img_59747.jpg,9,9,T
../data/imgs/train/c5/img_86725.jpg,5,5,T
../data/imgs/train/c9/img_14483.jpg,9,9,T
../data/imgs/train/c8/img_30318.jpg,8,8,T
../data/imgs/train/c0/img_86013.jpg,0,0,T
../data/imgs/train/c8/img_83533.jpg,8,8,T
../data/imgs/train/c6/img_2745.jpg,6,6,T
../data/imgs/train/c5/img_7511.jpg,5,5,T
../data/imgs/train/c4/img_1789.jpg,4,4,T
../data/imgs/train/c8/img_33384.jpg,8,8,T
../data/imgs/train/c0/img_29282.jpg,0,0,T
../data/imgs/train/c8/img_70539.jpg,8,8,T
../data/imgs/train/c6/img_45898.jpg,6,6,T
../data/imgs/train/c7/img_19905.jpg,7,7,T
../data/imgs/train/c5/img_48176.jpg,5,5,T
../data/imgs/train/c6/img_49065.jpg,6,6,T
../data/imgs/train/c6/img_10647.jpg,6,6,T
../data/imgs/train/c2/img_65495.jpg,2,2,T
../data/imgs/train/c3/img_14597.jpg,3,3,T
../data/imgs/train/c7/img_8968.jpg,7,7,T
../data/imgs/train/c4/img_18756.jpg,4,4,T
../data/imgs/train/c8/img_97010.jpg,8,8,T
../data/imgs/train/c4/img_79534.jpg,4,4,T
../data/imgs/train/c8/img_76717.jpg,8,8,T
../data/imgs/train/c3/img_24249.jpg,3,3,T
../data/imgs/train/c0/img_87995.jpg,0,0,T
../data/imgs/train/c7/img_21536.jpg,7,7,T
../data/imgs/train/c6/img_24594.jpg,6,6,T
../data/imgs/train/c4/img_90158.jpg,4,4,T
../data/imgs/train/c5/img_43191.jpg,5,5,T
../data/imgs/train/c8/img_21274.jpg,8,8,T
../data/imgs/train/c5/img_5343.jpg,5,5,T
../data/imgs/train/c3/img_39944.jpg,3,3,T
../data/imgs/train/c3/img_89018.jpg,3,3,T
../data/imgs/train/c3/img_37214.jpg,3,3,T
../data/imgs/train/c6/img_372.jpg,6,6,T
../data/imgs/train/c0/img_41646.jpg,0,0,T
../data/imgs/train/c7/img_101378.jpg,7,7,T
../data/imgs/train/c0/img_32280.jpg,0,0,T
../data/imgs/train/c2/img_22831.jpg,2,2,T
../data/imgs/train/c3/img_27884.jpg,3,3,T
../data/imgs/train/c1/img_92636.jpg,1,1,T
../data/imgs/train/c4/img_27597.jpg,4,4,T
../data/imgs/train/c9/img_28457.jpg,9,9,T
../data/imgs/train/c3/img_60973.jpg,3,3,T
../data/imgs/train/c2/img_69428.jpg,2,2,T
../data/imgs/train/c0/img_87735.jpg,0,0,T
../data/imgs/train/c2/img_9493.jpg,2,2,T
../data/imgs/train/c3/img_423.jpg,4,3,F
../data/imgs/train/c9/img_91422.jpg,9,9,T
../data/imgs/train/c1/img_93557.jpg,1,1,T
../data/imgs/train/c7/img_80863.jpg,7,7,T
../data/imgs/train/c5/img_32012.jpg,5,5,T
../data/imgs/train/c1/img_15503.jpg,1,1,T
../data/imgs/train/c3/img_55424.jpg,3,3,T
../data/imgs/train/c6/img_41166.jpg,6,6,T
../data/imgs/train/c6/img_92599.jpg,6,6,T
../data/imgs/train/c4/img_29422.jpg,4,4,T
../data/imgs/train/c5/img_8495.jpg,5,5,T
../data/imgs/train/c2/img_42211.jpg,2,2,T
../data/imgs/train/c5/img_632.jpg,5,5,T
../data/imgs/train/c0/img_53191.jpg,0,0,T
../data/imgs/train/c7/img_56938.jpg,7,7,T
../data/imgs/train/c8/img_15437.jpg,8,8,T
../data/imgs/train/c2/img_31871.jpg,2,2,T
../data/imgs/train/c4/img_16503.jpg,4,4,T
../data/imgs/train/c5/img_57890.jpg,5,5,T
../data/imgs/train/c4/img_28055.jpg,4,4,T
../data/imgs/train/c3/img_50125.jpg,3,3,T
../data/imgs/train/c9/img_68251.jpg,9,9,T
../data/imgs/train/c0/img_74965.jpg,9,0,F
../data/imgs/train/c7/img_31510.jpg,7,7,T
../data/imgs/train/c4/img_10050.jpg,4,4,T
../data/imgs/train/c1/img_74582.jpg,1,1,T
../data/imgs/train/c7/img_28300.jpg,7,7,T
../data/imgs/train/c6/img_72916.jpg,6,6,T
../data/imgs/train/c8/img_68775.jpg,8,8,T
../data/imgs/train/c1/img_8457.jpg,1,1,T
../data/imgs/train/c3/img_100281.jpg,3,3,T
../data/imgs/train/c9/img_75408.jpg,9,9,T
../data/imgs/train/c1/img_3044.jpg,1,1,T
../data/imgs/train/c4/img_43814.jpg,4,4,T
../data/imgs/train/c8/img_39194.jpg,8,8,T
../data/imgs/train/c9/img_47109.jpg,9,9,T
../data/imgs/train/c2/img_55012.jpg,2,2,T
../data/imgs/train/c7/img_93608.jpg,7,7,T
../data/imgs/train/c4/img_80885.jpg,4,4,T
../data/imgs/train/c4/img_57590.jpg,4,4,T
../data/imgs/train/c0/img_24471.jpg,0,0,T
../data/imgs/train/c7/img_93416.jpg,7,7,T
../data/imgs/train/c1/img_15436.jpg,1,1,T
../data/imgs/train/c3/img_60885.jpg,3,3,T
../data/imgs/train/c3/img_14888.jpg,3,3,T
../data/imgs/train/c2/img_11080.jpg,2,2,T
../data/imgs/train/c2/img_77948.jpg,2,2,T
../data/imgs/train/c4/img_38297.jpg,4,4,T
../data/imgs/train/c5/img_34715.jpg,5,5,T
../data/imgs/train/c5/img_11972.jpg,5,5,T
../data/imgs/train/c0/img_104.jpg,0,0,T
../data/imgs/train/c0/img_41214.jpg,0,0,T
../data/imgs/train/c5/img_24252.jpg,5,5,T
../data/imgs/train/c9/img_32949.jpg,9,9,T
../data/imgs/train/c6/img_76844.jpg,6,6,T
../data/imgs/train/c7/img_100352.jpg,7,7,T
../data/imgs/train/c5/img_40805.jpg,5,5,T
../data/imgs/train/c0/img_51849.jpg,0,0,T
../data/imgs/train/c5/img_8521.jpg,5,5,T
../data/imgs/train/c9/img_86118.jpg,9,9,T
../data/imgs/train/c7/img_2914.jpg,7,7,T
../data/imgs/train/c2/img_18980.jpg,2,2,T
../data/imgs/train/c3/img_25235.jpg,3,3,T
../data/imgs/train/c0/img_28465.jpg,0,0,T
../data/imgs/train/c9/img_70361.jpg,9,9,T
../data/imgs/train/c8/img_101973.jpg,8,8,T
../data/imgs/train/c3/img_42286.jpg,3,3,T
../data/imgs/train/c5/img_1048.jpg,5,5,T
../data/imgs/train/c8/img_32349.jpg,7,8,F
../data/imgs/train/c9/img_32957.jpg,9,9,T
../data/imgs/train/c7/img_62988.jpg,7,7,T
../data/imgs/train/c0/img_20192.jpg,0,0,T
../data/imgs/train/c9/img_42312.jpg,9,9,T
../data/imgs/train/c8/img_58079.jpg,8,8,T
../data/imgs/train/c3/img_49058.jpg,3,3,T
../data/imgs/train/c5/img_4041.jpg,5,5,T
../data/imgs/train/c1/img_33045.jpg,1,1,T
../data/imgs/train/c5/img_70946.jpg,5,5,T
../data/imgs/train/c1/img_4177.jpg,1,1,T
../data/imgs/train/c8/img_95290.jpg,6,8,F
../data/imgs/train/c2/img_23516.jpg,2,2,T
../data/imgs/train/c0/img_22519.jpg,0,0,T
../data/imgs/train/c3/img_19992.jpg,3,3,T
../data/imgs/train/c4/img_46858.jpg,4,4,T
../data/imgs/train/c9/img_93995.jpg,9,9,T
../data/imgs/train/c3/img_94379.jpg,3,3,T
../data/imgs/train/c1/img_10543.jpg,1,1,T
../data/imgs/train/c9/img_68143.jpg,9,9,T
../data/imgs/train/c1/img_84938.jpg,1,1,T
../data/imgs/train/c4/img_27240.jpg,4,4,T
../data/imgs/train/c9/img_75520.jpg,9,9,T
../data/imgs/train/c9/img_55000.jpg,9,9,T
../data/imgs/train/c1/img_85596.jpg,1,1,T
../data/imgs/train/c4/img_89957.jpg,4,4,T
../data/imgs/train/c6/img_34206.jpg,6,6,T
../data/imgs/train/c3/img_18746.jpg,3,3,T
../data/imgs/train/c5/img_66432.jpg,5,5,T
../data/imgs/train/c1/img_37597.jpg,1,1,T
../data/imgs/train/c6/img_1786.jpg,6,6,T
../data/imgs/train/c1/img_28897.jpg,1,1,T
../data/imgs/train/c4/img_26380.jpg,4,4,T
../data/imgs/train/c7/img_27681.jpg,7,7,T
../data/imgs/train/c1/img_9656.jpg,1,1,T
../data/imgs/train/c3/img_56276.jpg,3,3,T
../data/imgs/train/c2/img_60670.jpg,2,2,T
../data/imgs/train/c5/img_12687.jpg,5,5,T
../data/imgs/train/c7/img_101505.jpg,7,7,T
../data/imgs/train/c4/img_59016.jpg,4,4,T
../data/imgs/train/c1/img_67327.jpg,1,1,T
../data/imgs/train/c4/img_68409.jpg,4,4,T
../data/imgs/train/c1/img_16333.jpg,1,1,T
../data/imgs/train/c5/img_92855.jpg,5,5,T
../data/imgs/train/c1/img_64766.jpg,1,1,T
../data/imgs/train/c9/img_57565.jpg,9,9,T
../data/imgs/train/c8/img_70997.jpg,8,8,T
../data/imgs/train/c8/img_76663.jpg,8,8,T
../data/imgs/train/c0/img_23142.jpg,0,0,T
../data/imgs/train/c0/img_101175.jpg,0,0,T
../data/imgs/train/c5/img_34373.jpg,5,5,T
../data/imgs/train/c6/img_92371.jpg,6,6,T
../data/imgs/train/c2/img_36309.jpg,2,2,T
../data/imgs/train/c8/img_95038.jpg,8,8,T
../data/imgs/train/c6/img_51807.jpg,6,6,T
../data/imgs/train/c6/img_90809.jpg,6,6,T
../data/imgs/train/c2/img_47995.jpg,2,2,T
../data/imgs/train/c3/img_94970.jpg,3,3,T
../data/imgs/train/c8/img_45707.jpg,8,8,T
../data/imgs/train/c6/img_11536.jpg,6,6,T
../data/imgs/train/c7/img_27403.jpg,7,7,T
../data/imgs/train/c6/img_67456.jpg,6,6,T
../data/imgs/train/c5/img_32136.jpg,5,5,T
../data/imgs/train/c2/img_3938.jpg,2,2,T
../data/imgs/train/c5/img_66961.jpg,5,5,T
../data/imgs/train/c8/img_60384.jpg,8,8,T
../data/imgs/train/c0/img_13380.jpg,0,0,T
../data/imgs/train/c6/img_74820.jpg,6,6,T
../data/imgs/train/c3/img_7464.jpg,3,3,T
../data/imgs/train/c9/img_41804.jpg,9,9,T
../data/imgs/train/c5/img_79539.jpg,5,5,T
../data/imgs/train/c9/img_43765.jpg,9,9,T
../data/imgs/train/c4/img_47106.jpg,4,4,T
../data/imgs/train/c6/img_18907.jpg,6,6,T
../data/imgs/train/c6/img_74948.jpg,6,6,T
../data/imgs/train/c7/img_24661.jpg,7,7,T
../data/imgs/train/c0/img_41907.jpg,0,0,T
../data/imgs/train/c6/img_41710.jpg,6,6,T
../data/imgs/train/c4/img_22425.jpg,4,4,T
../data/imgs/train/c6/img_97688.jpg,6,6,T
../data/imgs/train/c8/img_23737.jpg,8,8,T
../data/imgs/train/c4/img_55985.jpg,4,4,T
../data/imgs/train/c0/img_39595.jpg,0,0,T
../data/imgs/train/c4/img_57279.jpg,4,4,T
../data/imgs/train/c2/img_81191.jpg,2,2,T
../data/imgs/train/c8/img_4384.jpg,8,8,T
../data/imgs/train/c8/img_27433.jpg,7,8,F
../data/imgs/train/c6/img_99859.jpg,6,6,T
../data/imgs/train/c6/img_53488.jpg,6,6,T
../data/imgs/train/c8/img_95880.jpg,8,8,T
../data/imgs/train/c4/img_4748.jpg,4,4,T
../data/imgs/train/c7/img_88199.jpg,7,7,T
../data/imgs/train/c4/img_70546.jpg,4,4,T
../data/imgs/train/c4/img_12427.jpg,4,4,T
../data/imgs/train/c8/img_51222.jpg,8,8,T
../data/imgs/train/c4/img_48663.jpg,4,4,T
../data/imgs/train/c8/img_50660.jpg,8,8,T
../data/imgs/train/c6/img_57002.jpg,6,6,T
../data/imgs/train/c0/img_101015.jpg,0,0,T
../data/imgs/train/c3/img_82742.jpg,3,3,T
../data/imgs/train/c2/img_36399.jpg,2,2,T
../data/imgs/train/c2/img_34321.jpg,2,2,T
../data/imgs/train/c2/img_4221.jpg,2,2,T
../data/imgs/train/c7/img_75012.jpg,7,7,T
../data/imgs/train/c1/img_46141.jpg,1,1,T
../data/imgs/train/c4/img_21362.jpg,4,4,T
../data/imgs/train/c2/img_46875.jpg,2,2,T
../data/imgs/train/c4/img_86916.jpg,4,4,T
../data/imgs/train/c8/img_57611.jpg,8,8,T
../data/imgs/train/c0/img_101609.jpg,0,0,T
../data/imgs/train/c1/img_38451.jpg,1,1,T
../data/imgs/train/c1/img_99452.jpg,1,1,T
../data/imgs/train/c8/img_32768.jpg,8,8,T
../data/imgs/train/c5/img_56428.jpg,5,5,T
../data/imgs/train/c4/img_82318.jpg,4,4,T
../data/imgs/train/c6/img_2926.jpg,6,6,T
../data/imgs/train/c0/img_41948.jpg,0,0,T
../data/imgs/train/c3/img_68634.jpg,3,3,T
../data/imgs/train/c1/img_94174.jpg,1,1,T
../data/imgs/train/c7/img_81857.jpg,7,7,T
../data/imgs/train/c7/img_15864.jpg,7,7,T
../data/imgs/train/c7/img_99736.jpg,7,7,T
../data/imgs/train/c6/img_70510.jpg,6,6,T
../data/imgs/train/c4/img_72542.jpg,4,4,T
../data/imgs/train/c9/img_74547.jpg,9,9,T
../data/imgs/train/c6/img_35494.jpg,6,6,T
../data/imgs/train/c7/img_34064.jpg,7,7,T
../data/imgs/train/c2/img_68732.jpg,2,2,T
../data/imgs/train/c3/img_9422.jpg,3,3,T
../data/imgs/train/c8/img_49335.jpg,8,8,T
../data/imgs/train/c5/img_18171.jpg,5,5,T
../data/imgs/train/c4/img_379.jpg,4,4,T
../data/imgs/train/c6/img_31644.jpg,6,6,T
../data/imgs/train/c4/img_32390.jpg,4,4,T
../data/imgs/train/c8/img_20492.jpg,4,8,F
../data/imgs/train/c5/img_34100.jpg,5,5,T
../data/imgs/train/c0/img_67219.jpg,0,0,T
../data/imgs/train/c8/img_26381.jpg,8,8,T
../data/imgs/train/c5/img_50043.jpg,5,5,T
../data/imgs/train/c5/img_23383.jpg,5,5,T
../data/imgs/train/c4/img_7495.jpg,4,4,T
../data/imgs/train/c9/img_49391.jpg,6,9,F
../data/imgs/train/c2/img_37711.jpg,2,2,T
../data/imgs/train/c4/img_81249.jpg,4,4,T
../data/imgs/train/c5/img_77954.jpg,5,5,T
../data/imgs/train/c2/img_26094.jpg,2,2,T
../data/imgs/train/c2/img_19951.jpg,2,2,T
../data/imgs/train/c4/img_91908.jpg,4,4,T
../data/imgs/train/c6/img_33957.jpg,6,6,T
../data/imgs/train/c6/img_74612.jpg,6,6,T
../data/imgs/train/c6/img_34927.jpg,6,6,T
../data/imgs/train/c6/img_85765.jpg,6,6,T
../data/imgs/train/c8/img_60585.jpg,8,8,T
../data/imgs/train/c5/img_38670.jpg,5,5,T
../data/imgs/train/c2/img_9662.jpg,2,2,T
../data/imgs/train/c8/img_86743.jpg,8,8,T
../data/imgs/train/c5/img_10620.jpg,5,5,T
../data/imgs/train/c0/img_74002.jpg,0,0,T
../data/imgs/train/c9/img_125.jpg,9,9,T
../data/imgs/train/c0/img_63634.jpg,0,0,T
../data/imgs/train/c3/img_83239.jpg,3,3,T
../data/imgs/train/c3/img_76902.jpg,3,3,T
../data/imgs/train/c2/img_30223.jpg,2,2,T
../data/imgs/train/c8/img_39929.jpg,9,8,F
../data/imgs/train/c8/img_57724.jpg,8,8,T
../data/imgs/train/c9/img_3606.jpg,9,9,T
../data/imgs/train/c5/img_20413.jpg,5,5,T
../data/imgs/train/c4/img_68118.jpg,4,4,T
../data/imgs/train/c7/img_70621.jpg,7,7,T
../data/imgs/train/c2/img_4398.jpg,2,2,T
../data/imgs/train/c1/img_10804.jpg,1,1,T
../data/imgs/train/c2/img_23113.jpg,2,2,T
../data/imgs/train/c5/img_37720.jpg,5,5,T
../data/imgs/train/c5/img_4676.jpg,5,5,T
../data/imgs/train/c6/img_20928.jpg,6,6,T
../data/imgs/train/c4/img_66969.jpg,4,4,T
../data/imgs/train/c6/img_43511.jpg,6,6,T
../data/imgs/train/c0/img_48339.jpg,0,0,T
../data/imgs/train/c2/img_10972.jpg,2,2,T
../data/imgs/train/c9/img_31868.jpg,9,9,T
../data/imgs/train/c9/img_25201.jpg,9,9,T
../data/imgs/train/c2/img_30017.jpg,2,2,T
../data/imgs/train/c1/img_14746.jpg,1,1,T
../data/imgs/train/c4/img_37255.jpg,4,4,T
../data/imgs/train/c1/img_7152.jpg,1,1,T
../data/imgs/train/c3/img_67315.jpg,3,3,T
../data/imgs/train/c6/img_7050.jpg,6,6,T
../data/imgs/train/c2/img_59509.jpg,2,2,T
../data/imgs/train/c4/img_93565.jpg,4,4,T
../data/imgs/train/c5/img_68953.jpg,5,5,T
../data/imgs/train/c8/img_46259.jpg,8,8,T
../data/imgs/train/c7/img_47372.jpg,7,7,T
../data/imgs/train/c2/img_76662.jpg,2,2,T
../data/imgs/train/c3/img_84792.jpg,3,3,T
../data/imgs/train/c5/img_11830.jpg,5,5,T
../data/imgs/train/c5/img_99441.jpg,5,5,T
../data/imgs/train/c6/img_65836.jpg,6,6,T
../data/imgs/train/c2/img_2215.jpg,2,2,T
../data/imgs/train/c6/img_12714.jpg,6,6,T
../data/imgs/train/c1/img_23880.jpg,1,1,T
../data/imgs/train/c0/img_88075.jpg,0,0,T
../data/imgs/train/c3/img_63179.jpg,3,3,T
../data/imgs/train/c2/img_68825.jpg,2,2,T
../data/imgs/train/c3/img_95593.jpg,3,3,T
../data/imgs/train/c2/img_17046.jpg,2,2,T
../data/imgs/train/c5/img_75640.jpg,5,5,T
../data/imgs/train/c2/img_100897.jpg,2,2,T
../data/imgs/train/c8/img_24834.jpg,8,8,T
../data/imgs/train/c6/img_24122.jpg,6,6,T
../data/imgs/train/c9/img_86924.jpg,9,9,T
../data/imgs/train/c9/img_44345.jpg,9,9,T
../data/imgs/train/c6/img_42358.jpg,6,6,T
../data/imgs/train/c6/img_39796.jpg,6,6,T
../data/imgs/train/c1/img_8447.jpg,1,1,T
../data/imgs/train/c9/img_68466.jpg,9,9,T
../data/imgs/train/c0/img_57175.jpg,0,0,T
../data/imgs/train/c5/img_53162.jpg,5,5,T
../data/imgs/train/c4/img_62615.jpg,4,4,T
../data/imgs/train/c8/img_39467.jpg,8,8,T
../data/imgs/train/c6/img_9741.jpg,6,6,T
../data/imgs/train/c2/img_19357.jpg,2,2,T
../data/imgs/train/c2/img_19581.jpg,2,2,T
../data/imgs/train/c4/img_101949.jpg,4,4,T
../data/imgs/train/c0/img_91058.jpg,0,0,T
../data/imgs/train/c1/img_87210.jpg,1,1,T
../data/imgs/train/c4/img_50455.jpg,4,4,T
../data/imgs/train/c2/img_69900.jpg,2,2,T
../data/imgs/train/c6/img_46973.jpg,6,6,T
../data/imgs/train/c1/img_15305.jpg,1,1,T
../data/imgs/train/c6/img_62203.jpg,6,6,T
../data/imgs/train/c1/img_97835.jpg,1,1,T
../data/imgs/train/c3/img_47377.jpg,3,3,T
../data/imgs/train/c8/img_48249.jpg,8,8,T
../data/imgs/train/c9/img_86985.jpg,9,9,T
../data/imgs/train/c9/img_80387.jpg,9,9,T
../data/imgs/train/c7/img_101093.jpg,7,7,T
../data/imgs/train/c2/img_56565.jpg,2,2,T
../data/imgs/train/c7/img_57989.jpg,7,7,T
../data/imgs/train/c0/img_75384.jpg,0,0,T
../data/imgs/train/c2/img_32895.jpg,2,2,T
../data/imgs/train/c5/img_65420.jpg,5,5,T
../data/imgs/train/c0/img_35515.jpg,0,0,T
../data/imgs/train/c3/img_90960.jpg,3,3,T
../data/imgs/train/c8/img_80823.jpg,8,8,T
../data/imgs/train/c0/img_40209.jpg,0,0,T
../data/imgs/train/c4/img_8951.jpg,4,4,T
../data/imgs/train/c0/img_50371.jpg,0,0,T
../data/imgs/train/c4/img_82855.jpg,4,4,T
../data/imgs/train/c3/img_53667.jpg,3,3,T
../data/imgs/train/c8/img_56171.jpg,8,8,T
../data/imgs/train/c4/img_77156.jpg,4,4,T
../data/imgs/train/c0/img_51729.jpg,0,0,T
../data/imgs/train/c9/img_13582.jpg,9,9,T
../data/imgs/train/c4/img_75999.jpg,4,4,T
../data/imgs/train/c7/img_30097.jpg,7,7,T
../data/imgs/train/c3/img_3201.jpg,3,3,T
../data/imgs/train/c3/img_49186.jpg,3,3,T
../data/imgs/train/c3/img_24878.jpg,3,3,T
../data/imgs/train/c3/img_39363.jpg,3,3,T
../data/imgs/train/c1/img_70554.jpg,1,1,T
../data/imgs/train/c4/img_70628.jpg,4,4,T
../data/imgs/train/c6/img_83554.jpg,6,6,T
../data/imgs/train/c2/img_77393.jpg,2,2,T
../data/imgs/train/c9/img_46623.jpg,9,9,T
../data/imgs/train/c9/img_99692.jpg,9,9,T
../data/imgs/train/c0/img_64681.jpg,0,0,T
../data/imgs/train/c7/img_28687.jpg,7,7,T
../data/imgs/train/c6/img_38398.jpg,6,6,T
../data/imgs/train/c4/img_81356.jpg,4,4,T
../data/imgs/train/c1/img_54535.jpg,1,1,T
../data/imgs/train/c3/img_90046.jpg,3,3,T
../data/imgs/train/c2/img_74571.jpg,2,2,T
../data/imgs/train/c7/img_4768.jpg,7,7,T
../data/imgs/train/c1/img_52088.jpg,1,1,T
../data/imgs/train/c2/img_52141.jpg,2,2,T
../data/imgs/train/c2/img_22350.jpg,2,2,T
../data/imgs/train/c2/img_51873.jpg,2,2,T
../data/imgs/train/c0/img_52460.jpg,0,0,T
../data/imgs/train/c1/img_1570.jpg,1,1,T
../data/imgs/train/c2/img_8138.jpg,2,2,T
../data/imgs/train/c2/img_8270.jpg,2,2,T
../data/imgs/train/c3/img_61064.jpg,3,3,T
../data/imgs/train/c2/img_70920.jpg,2,2,T
../data/imgs/train/c7/img_30258.jpg,7,7,T
../data/imgs/train/c0/img_23580.jpg,0,0,T
../data/imgs/train/c3/img_37991.jpg,3,3,T
../data/imgs/train/c0/img_1063.jpg,0,0,T
../data/imgs/train/c4/img_15088.jpg,4,4,T
../data/imgs/train/c3/img_12214.jpg,3,3,T
../data/imgs/train/c3/img_35445.jpg,3,3,T
../data/imgs/train/c9/img_37693.jpg,9,9,T
../data/imgs/train/c3/img_30656.jpg,3,3,T
../data/imgs/train/c6/img_75778.jpg,6,6,T
../data/imgs/train/c6/img_91546.jpg,6,6,T
../data/imgs/train/c3/img_71939.jpg,3,3,T
../data/imgs/train/c1/img_61485.jpg,1,1,T
../data/imgs/train/c6/img_37032.jpg,6,6,T
../data/imgs/train/c4/img_97051.jpg,4,4,T
../data/imgs/train/c9/img_64817.jpg,9,9,T
../data/imgs/train/c8/img_26813.jpg,8,8,T
../data/imgs/train/c3/img_45921.jpg,3,3,T
../data/imgs/train/c4/img_60938.jpg,4,4,T
../data/imgs/train/c4/img_58482.jpg,4,4,T
../data/imgs/train/c5/img_13299.jpg,5,5,T
../data/imgs/train/c7/img_87806.jpg,7,7,T
../data/imgs/train/c4/img_70816.jpg,4,4,T
../data/imgs/train/c7/img_69756.jpg,7,7,T
../data/imgs/train/c0/img_98494.jpg,0,0,T
../data/imgs/train/c4/img_30384.jpg,4,4,T
../data/imgs/train/c5/img_60193.jpg,5,5,T
../data/imgs/train/c7/img_26045.jpg,7,7,T
../data/imgs/train/c0/img_64030.jpg,0,0,T
../data/imgs/train/c5/img_97543.jpg,5,5,T
../data/imgs/train/c7/img_29975.jpg,7,7,T
../data/imgs/train/c4/img_98560.jpg,4,4,T
../data/imgs/train/c7/img_41719.jpg,7,7,T
../data/imgs/train/c8/img_16530.jpg,8,8,T
../data/imgs/train/c1/img_82758.jpg,1,1,T
../data/imgs/train/c2/img_29483.jpg,2,2,T
../data/imgs/train/c4/img_56362.jpg,4,4,T
../data/imgs/train/c3/img_83211.jpg,3,3,T
../data/imgs/train/c5/img_87058.jpg,5,5,T
../data/imgs/train/c5/img_87031.jpg,5,5,T
../data/imgs/train/c5/img_12538.jpg,5,5,T
../data/imgs/train/c0/img_48794.jpg,0,0,T
../data/imgs/train/c1/img_25412.jpg,1,1,T
../data/imgs/train/c3/img_71831.jpg,3,3,T
../data/imgs/train/c2/img_5220.jpg,2,2,T
../data/imgs/train/c9/img_48807.jpg,9,9,T
../data/imgs/train/c5/img_41798.jpg,5,5,T
../data/imgs/train/c3/img_48460.jpg,3,3,T
../data/imgs/train/c5/img_1378.jpg,5,5,T
../data/imgs/train/c6/img_12700.jpg,6,6,T
../data/imgs/train/c0/img_27134.jpg,0,0,T
../data/imgs/train/c2/img_26906.jpg,2,2,T
../data/imgs/train/c8/img_98197.jpg,8,8,T
../data/imgs/train/c9/img_97490.jpg,9,9,T
../data/imgs/train/c7/img_33731.jpg,7,7,T
../data/imgs/train/c2/img_82776.jpg,2,2,T
../data/imgs/train/c3/img_12960.jpg,3,3,T
../data/imgs/train/c5/img_1024.jpg,5,5,T
../data/imgs/train/c9/img_76989.jpg,9,9,T
../data/imgs/train/c7/img_34131.jpg,7,7,T
../data/imgs/train/c1/img_98059.jpg,1,1,T
../data/imgs/train/c3/img_33228.jpg,3,3,T
../data/imgs/train/c5/img_3178.jpg,5,5,T
../data/imgs/train/c0/img_77890.jpg,0,0,T
../data/imgs/train/c4/img_29986.jpg,4,4,T
../data/imgs/train/c8/img_92534.jpg,8,8,T
../data/imgs/train/c2/img_100682.jpg,2,2,T
../data/imgs/train/c9/img_77969.jpg,9,9,T
../data/imgs/train/c6/img_19238.jpg,6,6,T
../data/imgs/train/c4/img_68414.jpg,4,4,T
../data/imgs/train/c1/img_77489.jpg,1,1,T
../data/imgs/train/c4/img_76703.jpg,4,4,T
../data/imgs/train/c8/img_67581.jpg,8,8,T
../data/imgs/train/c8/img_97952.jpg,8,8,T
../data/imgs/train/c3/img_44811.jpg,3,3,T
../data/imgs/train/c1/img_2388.jpg,1,1,T
../data/imgs/train/c6/img_5849.jpg,6,6,T
../data/imgs/train/c2/img_3006.jpg,2,2,T
../data/imgs/train/c0/img_75944.jpg,0,0,T
../data/imgs/train/c2/img_8189.jpg,2,2,T
../data/imgs/train/c0/img_18940.jpg,0,0,T
../data/imgs/train/c3/img_80000.jpg,3,3,T
../data/imgs/train/c9/img_14657.jpg,9,9,T
../data/imgs/train/c0/img_92164.jpg,0,0,T
../data/imgs/train/c1/img_91632.jpg,1,1,T
../data/imgs/train/c6/img_24003.jpg,6,6,T
../data/imgs/train/c2/img_11735.jpg,2,2,T
../data/imgs/train/c2/img_67174.jpg,2,2,T
../data/imgs/train/c1/img_3744.jpg,1,1,T
../data/imgs/train/c4/img_60305.jpg,4,4,T
../data/imgs/train/c7/img_72254.jpg,7,7,T
../data/imgs/train/c1/img_48241.jpg,1,1,T
../data/imgs/train/c2/img_101659.jpg,2,2,T
../data/imgs/train/c6/img_38974.jpg,6,6,T
../data/imgs/train/c0/img_101392.jpg,9,0,F
../data/imgs/train/c8/img_86530.jpg,8,8,T
../data/imgs/train/c3/img_36017.jpg,3,3,T
../data/imgs/train/c7/img_25911.jpg,7,7,T
../data/imgs/train/c5/img_57479.jpg,5,5,T
../data/imgs/train/c4/img_12474.jpg,4,4,T
../data/imgs/train/c5/img_27266.jpg,5,5,T
../data/imgs/train/c9/img_5070.jpg,1,9,F
../data/imgs/train/c3/img_66775.jpg,3,3,T
../data/imgs/train/c6/img_100181.jpg,6,6,T
../data/imgs/train/c6/img_70808.jpg,6,6,T
../data/imgs/train/c2/img_26880.jpg,2,2,T
../data/imgs/train/c2/img_99290.jpg,2,2,T
../data/imgs/train/c0/img_62643.jpg,0,0,T
../data/imgs/train/c2/img_85037.jpg,2,2,T
../data/imgs/train/c4/img_52883.jpg,4,4,T
../data/imgs/train/c9/img_101364.jpg,9,9,T
../data/imgs/train/c5/img_96529.jpg,5,5,T
../data/imgs/train/c1/img_74607.jpg,6,1,F
../data/imgs/train/c1/img_17460.jpg,1,1,T
../data/imgs/train/c7/img_17051.jpg,7,7,T
../data/imgs/train/c9/img_95800.jpg,9,9,T
../data/imgs/train/c7/img_84656.jpg,7,7,T
../data/imgs/train/c9/img_68514.jpg,9,9,T
../data/imgs/train/c8/img_56518.jpg,8,8,T
../data/imgs/train/c1/img_54166.jpg,1,1,T
../data/imgs/train/c2/img_14390.jpg,2,2,T
../data/imgs/train/c2/img_19848.jpg,2,2,T
../data/imgs/train/c1/img_40953.jpg,1,1,T
../data/imgs/train/c5/img_44006.jpg,5,5,T
../data/imgs/train/c7/img_100336.jpg,7,7,T
../data/imgs/train/c1/img_84470.jpg,1,1,T
../data/imgs/train/c7/img_34820.jpg,7,7,T
../data/imgs/train/c6/img_79723.jpg,6,6,T
../data/imgs/train/c0/img_89776.jpg,0,0,T
../data/imgs/train/c3/img_14384.jpg,3,3,T
../data/imgs/train/c7/img_40687.jpg,7,7,T
../data/imgs/train/c5/img_50458.jpg,5,5,T
../data/imgs/train/c9/img_12607.jpg,9,9,T
../data/imgs/train/c4/img_494.jpg,4,4,T
../data/imgs/train/c6/img_54020.jpg,6,6,T
../data/imgs/train/c3/img_30711.jpg,3,3,T
../data/imgs/train/c2/img_46103.jpg,2,2,T
../data/imgs/train/c4/img_25187.jpg,4,4,T
../data/imgs/train/c0/img_47847.jpg,0,0,T
../data/imgs/train/c5/img_37474.jpg,5,5,T
../data/imgs/train/c0/img_26502.jpg,0,0,T
../data/imgs/train/c6/img_91707.jpg,6,6,T
../data/imgs/train/c3/img_56305.jpg,3,3,T
../data/imgs/train/c6/img_66130.jpg,6,6,T
../data/imgs/train/c5/img_22170.jpg,5,5,T
../data/imgs/train/c4/img_14447.jpg,4,4,T
../data/imgs/train/c3/img_58768.jpg,3,3,T
../data/imgs/train/c1/img_28679.jpg,1,1,T
../data/imgs/train/c8/img_27337.jpg,8,8,T
../data/imgs/train/c6/img_93354.jpg,6,6,T
../data/imgs/train/c4/img_60847.jpg,4,4,T
../data/imgs/train/c2/img_95034.jpg,2,2,T
../data/imgs/train/c2/img_93411.jpg,2,2,T
../data/imgs/train/c5/img_99378.jpg,5,5,T
../data/imgs/train/c0/img_54366.jpg,0,0,T
../data/imgs/train/c9/img_21829.jpg,9,9,T
../data/imgs/train/c7/img_4463.jpg,7,7,T
../data/imgs/train/c3/img_57880.jpg,3,3,T
../data/imgs/train/c6/img_13900.jpg,6,6,T
../data/imgs/train/c8/img_79148.jpg,8,8,T
../data/imgs/train/c8/img_23269.jpg,8,8,T
../data/imgs/train/c9/img_14778.jpg,9,9,T
../data/imgs/train/c0/img_34774.jpg,0,0,T
../data/imgs/train/c9/img_57124.jpg,9,9,T
../data/imgs/train/c9/img_94971.jpg,9,9,T
../data/imgs/train/c0/img_75899.jpg,0,0,T
../data/imgs/train/c5/img_275.jpg,5,5,T
../data/imgs/train/c5/img_22901.jpg,5,5,T
../data/imgs/train/c2/img_84323.jpg,2,2,T
../data/imgs/train/c6/img_61672.jpg,6,6,T
../data/imgs/train/c2/img_90276.jpg,2,2,T
../data/imgs/train/c2/img_23404.jpg,2,2,T
../data/imgs/train/c2/img_43107.jpg,2,2,T
../data/imgs/train/c3/img_71945.jpg,3,3,T
../data/imgs/train/c5/img_34479.jpg,5,5,T
../data/imgs/train/c9/img_5624.jpg,9,9,T
../data/imgs/train/c5/img_92308.jpg,5,5,T
../data/imgs/train/c2/img_88192.jpg,2,2,T
../data/imgs/train/c3/img_68877.jpg,3,3,T
../data/imgs/train/c5/img_15446.jpg,5,5,T
../data/imgs/train/c5/img_86517.jpg,5,5,T
../data/imgs/train/c2/img_70097.jpg,2,2,T
../data/imgs/train/c0/img_83438.jpg,0,0,T
../data/imgs/train/c7/img_30056.jpg,7,7,T
../data/imgs/train/c7/img_90389.jpg,7,7,T
../data/imgs/train/c6/img_18122.jpg,6,6,T
../data/imgs/train/c8/img_62011.jpg,8,8,T
../data/imgs/train/c6/img_102056.jpg,6,6,T
../data/imgs/train/c4/img_94181.jpg,4,4,T
../data/imgs/train/c4/img_3298.jpg,4,4,T
../data/imgs/train/c2/img_58270.jpg,2,2,T
../data/imgs/train/c7/img_91863.jpg,7,7,T
../data/imgs/train/c7/img_51489.jpg,7,7,T
../data/imgs/train/c4/img_20655.jpg,4,4,T
../data/imgs/train/c6/img_59654.jpg,6,6,T
../data/imgs/train/c2/img_7012.jpg,2,2,T
../data/imgs/train/c7/img_1918.jpg,7,7,T
../data/imgs/train/c2/img_91074.jpg,2,2,T
../data/imgs/train/c7/img_73803.jpg,7,7,T
../data/imgs/train/c0/img_32813.jpg,0,0,T
../data/imgs/train/c2/img_2046.jpg,2,2,T
../data/imgs/train/c7/img_76551.jpg,7,7,T
../data/imgs/train/c6/img_77254.jpg,6,6,T
../data/imgs/train/c2/img_77260.jpg,2,2,T
../data/imgs/train/c3/img_67193.jpg,3,3,T
../data/imgs/train/c1/img_47196.jpg,1,1,T
../data/imgs/train/c1/img_78575.jpg,1,1,T
../data/imgs/train/c8/img_79307.jpg,8,8,T
../data/imgs/train/c5/img_50614.jpg,5,5,T
../data/imgs/train/c3/img_12825.jpg,3,3,T
../data/imgs/train/c0/img_26907.jpg,0,0,T
../data/imgs/train/c9/img_95015.jpg,9,9,T
../data/imgs/train/c7/img_98350.jpg,7,7,T
../data/imgs/train/c8/img_26819.jpg,8,8,T
../data/imgs/train/c0/img_10909.jpg,0,0,T
../data/imgs/train/c5/img_12644.jpg,5,5,T
../data/imgs/train/c9/img_9151.jpg,9,9,T
../data/imgs/train/c5/img_18922.jpg,5,5,T
../data/imgs/train/c3/img_44670.jpg,3,3,T
../data/imgs/train/c5/img_30991.jpg,5,5,T
../data/imgs/train/c5/img_17254.jpg,5,5,T
../data/imgs/train/c7/img_74375.jpg,7,7,T
../data/imgs/train/c6/img_16526.jpg,6,6,T
../data/imgs/train/c8/img_24816.jpg,8,8,T
../data/imgs/train/c1/img_5242.jpg,1,1,T
../data/imgs/train/c5/img_7779.jpg,5,5,T
../data/imgs/train/c1/img_62972.jpg,1,1,T
../data/imgs/train/c3/img_43483.jpg,3,3,T
../data/imgs/train/c0/img_89173.jpg,0,0,T
../data/imgs/train/c7/img_4617.jpg,7,7,T
../data/imgs/train/c6/img_60959.jpg,6,6,T
../data/imgs/train/c4/img_42583.jpg,4,4,T
../data/imgs/train/c2/img_77522.jpg,2,2,T
../data/imgs/train/c5/img_82220.jpg,5,5,T
../data/imgs/train/c1/img_74250.jpg,1,1,T
../data/imgs/train/c7/img_74902.jpg,7,7,T
../data/imgs/train/c5/img_21749.jpg,5,5,T
../data/imgs/train/c9/img_8708.jpg,9,9,T
../data/imgs/train/c7/img_38202.jpg,7,7,T
../data/imgs/train/c0/img_38686.jpg,0,0,T
../data/imgs/train/c7/img_43500.jpg,7,7,T
../data/imgs/train/c3/img_54235.jpg,3,3,T
../data/imgs/train/c5/img_77583.jpg,5,5,T
../data/imgs/train/c3/img_74512.jpg,3,3,T
../data/imgs/train/c5/img_100121.jpg,5,5,T
../data/imgs/train/c2/img_71654.jpg,2,2,T
../data/imgs/train/c4/img_57654.jpg,4,4,T
../data/imgs/train/c3/img_50087.jpg,3,3,T
../data/imgs/train/c9/img_80521.jpg,9,9,T
../data/imgs/train/c2/img_5107.jpg,2,2,T
../data/imgs/train/c7/img_38022.jpg,7,7,T
../data/imgs/train/c5/img_70809.jpg,5,5,T
../data/imgs/train/c2/img_24469.jpg,2,2,T
../data/imgs/train/c0/img_3726.jpg,0,0,T
../data/imgs/train/c2/img_57358.jpg,2,2,T
../data/imgs/train/c3/img_76852.jpg,3,3,T
../data/imgs/train/c4/img_78612.jpg,4,4,T
../data/imgs/train/c0/img_42043.jpg,0,0,T
../data/imgs/train/c8/img_77051.jpg,8,8,T
../data/imgs/train/c1/img_18795.jpg,1,1,T
../data/imgs/train/c5/img_70226.jpg,5,5,T
../data/imgs/train/c3/img_23719.jpg,3,3,T
../data/imgs/train/c4/img_55853.jpg,4,4,T
../data/imgs/train/c1/img_31629.jpg,1,1,T
../data/imgs/train/c5/img_68106.jpg,5,5,T
../data/imgs/train/c1/img_78193.jpg,1,1,T
../data/imgs/train/c6/img_50294.jpg,6,6,T
../data/imgs/train/c7/img_27819.jpg,7,7,T
../data/imgs/train/c4/img_21005.jpg,4,4,T
../data/imgs/train/c5/img_22240.jpg,5,5,T
../data/imgs/train/c4/img_95599.jpg,4,4,T
../data/imgs/train/c2/img_69752.jpg,2,2,T
../data/imgs/train/c4/img_45113.jpg,4,4,T
../data/imgs/train/c9/img_10093.jpg,9,9,T
../data/imgs/train/c4/img_37441.jpg,4,4,T
../data/imgs/train/c3/img_41863.jpg,3,3,T
../data/imgs/train/c9/img_60004.jpg,9,9,T
../data/imgs/train/c3/img_65301.jpg,3,3,T
../data/imgs/train/c2/img_8777.jpg,2,2,T
../data/imgs/train/c2/img_92491.jpg,2,2,T
../data/imgs/train/c3/img_1329.jpg,3,3,T
../data/imgs/train/c2/img_5764.jpg,2,2,T
../data/imgs/train/c3/img_19282.jpg,3,3,T
../data/imgs/train/c4/img_96019.jpg,4,4,T
../data/imgs/train/c8/img_52420.jpg,8,8,T
../data/imgs/train/c2/img_25451.jpg,2,2,T
../data/imgs/train/c0/img_2764.jpg,0,0,T
../data/imgs/train/c5/img_59261.jpg,5,5,T
../data/imgs/train/c9/img_17788.jpg,9,9,T
../data/imgs/train/c2/img_9564.jpg,2,2,T
../data/imgs/train/c1/img_102009.jpg,1,1,T
../data/imgs/train/c2/img_40763.jpg,2,2,T
../data/imgs/train/c2/img_101097.jpg,2,2,T
../data/imgs/train/c0/img_100796.jpg,0,0,T
../data/imgs/train/c0/img_80939.jpg,0,0,T
../data/imgs/train/c2/img_67971.jpg,2,2,T
../data/imgs/train/c7/img_93120.jpg,7,7,T
../data/imgs/train/c0/img_58156.jpg,0,0,T
../data/imgs/train/c5/img_98587.jpg,5,5,T
../data/imgs/train/c3/img_62805.jpg,3,3,T
../data/imgs/train/c8/img_41917.jpg,8,8,T
../data/imgs/train/c4/img_7479.jpg,4,4,T
../data/imgs/train/c9/img_37582.jpg,9,9,T
../data/imgs/train/c8/img_82020.jpg,8,8,T
../data/imgs/train/c1/img_57246.jpg,1,1,T
../data/imgs/train/c3/img_68978.jpg,3,3,T
../data/imgs/train/c5/img_33323.jpg,5,5,T
../data/imgs/train/c1/img_35598.jpg,1,1,T
../data/imgs/train/c8/img_35435.jpg,8,8,T
../data/imgs/train/c6/img_14108.jpg,6,6,T
../data/imgs/train/c1/img_45354.jpg,1,1,T
../data/imgs/train/c2/img_83273.jpg,2,2,T
../data/imgs/train/c3/img_57637.jpg,3,3,T
../data/imgs/train/c8/img_82672.jpg,8,8,T
../data/imgs/train/c2/img_31643.jpg,2,2,T
../data/imgs/train/c6/img_88240.jpg,6,6,T
../data/imgs/train/c3/img_48101.jpg,3,3,T
../data/imgs/train/c9/img_74561.jpg,9,9,T
../data/imgs/train/c1/img_32811.jpg,1,1,T
../data/imgs/train/c9/img_15827.jpg,9,9,T
../data/imgs/train/c6/img_53621.jpg,6,6,T
../data/imgs/train/c4/img_34848.jpg,4,4,T
../data/imgs/train/c9/img_75671.jpg,9,9,T
../data/imgs/train/c7/img_4921.jpg,7,7,T
../data/imgs/train/c0/img_6797.jpg,0,0,T
../data/imgs/train/c8/img_52841.jpg,8,8,T
../data/imgs/train/c9/img_31560.jpg,9,9,T
../data/imgs/train/c5/img_96629.jpg,5,5,T
../data/imgs/train/c5/img_90980.jpg,5,5,T
../data/imgs/train/c1/img_942.jpg,1,1,T
../data/imgs/train/c0/img_1355.jpg,0,0,T
../data/imgs/train/c6/img_56776.jpg,6,6,T
../data/imgs/train/c4/img_101507.jpg,4,4,T
../data/imgs/train/c2/img_51247.jpg,2,2,T
../data/imgs/train/c8/img_42709.jpg,8,8,T
../data/imgs/train/c0/img_27618.jpg,0,0,T
../data/imgs/train/c6/img_11409.jpg,6,6,T
../data/imgs/train/c2/img_5579.jpg,2,2,T
../data/imgs/train/c4/img_732.jpg,4,4,T
../data/imgs/train/c1/img_4434.jpg,1,1,T
../data/imgs/train/c1/img_448.jpg,1,1,T
../data/imgs/train/c0/img_60168.jpg,0,0,T
../data/imgs/train/c5/img_28905.jpg,5,5,T
../data/imgs/train/c6/img_92663.jpg,6,6,T
../data/imgs/train/c7/img_87050.jpg,7,7,T
../data/imgs/train/c5/img_51182.jpg,5,5,T
../data/imgs/train/c3/img_31948.jpg,3,3,T
../data/imgs/train/c9/img_31222.jpg,9,9,T
../data/imgs/train/c8/img_91228.jpg,8,8,T
../data/imgs/train/c1/img_5568.jpg,1,1,T
../data/imgs/train/c1/img_65272.jpg,1,1,T
../data/imgs/train/c5/img_37573.jpg,5,5,T
../data/imgs/train/c5/img_60466.jpg,5,5,T
../data/imgs/train/c0/img_55729.jpg,0,0,T
../data/imgs/train/c8/img_68765.jpg,8,8,T
../data/imgs/train/c9/img_5341.jpg,9,9,T
../data/imgs/train/c7/img_32617.jpg,7,7,T
../data/imgs/train/c2/img_14632.jpg,2,2,T
../data/imgs/train/c2/img_9178.jpg,2,2,T
../data/imgs/train/c3/img_41903.jpg,3,3,T
../data/imgs/train/c7/img_719.jpg,7,7,T
../data/imgs/train/c5/img_48583.jpg,5,5,T
../data/imgs/train/c1/img_60705.jpg,1,1,T
../data/imgs/train/c0/img_46925.jpg,0,0,T
../data/imgs/train/c1/img_101520.jpg,1,1,T
../data/imgs/train/c2/img_30349.jpg,2,2,T
../data/imgs/train/c2/img_94777.jpg,2,2,T
../data/imgs/train/c9/img_28640.jpg,9,9,T
../data/imgs/train/c1/img_30646.jpg,1,1,T
../data/imgs/train/c3/img_67771.jpg,3,3,T
../data/imgs/train/c2/img_96291.jpg,2,2,T
../data/imgs/train/c2/img_80800.jpg,2,2,T
../data/imgs/train/c8/img_81206.jpg,8,8,T
../data/imgs/train/c8/img_44057.jpg,8,8,T
../data/imgs/train/c9/img_35303.jpg,9,9,T
../data/imgs/train/c9/img_38864.jpg,9,9,T
../data/imgs/train/c9/img_86087.jpg,9,9,T
../data/imgs/train/c2/img_62430.jpg,2,2,T
../data/imgs/train/c5/img_32438.jpg,5,5,T
../data/imgs/train/c7/img_46492.jpg,7,7,T
../data/imgs/train/c5/img_27794.jpg,5,5,T
../data/imgs/train/c3/img_92259.jpg,3,3,T
../data/imgs/train/c2/img_24504.jpg,2,2,T
../data/imgs/train/c0/img_36138.jpg,0,0,T
../data/imgs/train/c7/img_6778.jpg,7,7,T
../data/imgs/train/c0/img_5315.jpg,0,0,T
../data/imgs/train/c2/img_3547.jpg,2,2,T
../data/imgs/train/c9/img_60624.jpg,9,9,T
../data/imgs/train/c1/img_11187.jpg,1,1,T
../data/imgs/train/c9/img_82809.jpg,9,9,T
../data/imgs/train/c6/img_34481.jpg,6,6,T
../data/imgs/train/c6/img_79395.jpg,6,6,T
../data/imgs/train/c5/img_77159.jpg,5,5,T
../data/imgs/train/c9/img_28479.jpg,9,9,T
../data/imgs/train/c5/img_26622.jpg,5,5,T
../data/imgs/train/c1/img_32998.jpg,1,1,T
../data/imgs/train/c8/img_35130.jpg,8,8,T
../data/imgs/train/c0/img_41128.jpg,0,0,T
../data/imgs/train/c9/img_96336.jpg,9,9,T
../data/imgs/train/c2/img_9869.jpg,2,2,T
../data/imgs/train/c5/img_3225.jpg,5,5,T
../data/imgs/train/c7/img_65708.jpg,7,7,T
../data/imgs/train/c7/img_5106.jpg,7,7,T
../data/imgs/train/c8/img_58878.jpg,8,8,T
../data/imgs/train/c0/img_3939.jpg,0,0,T
../data/imgs/train/c7/img_94815.jpg,7,7,T
../data/imgs/train/c1/img_18533.jpg,1,1,T
../data/imgs/train/c5/img_11309.jpg,5,5,T
../data/imgs/train/c1/img_27761.jpg,1,1,T
../data/imgs/train/c0/img_15753.jpg,0,0,T
../data/imgs/train/c1/img_38754.jpg,1,1,T
../data/imgs/train/c2/img_86211.jpg,2,2,T
../data/imgs/train/c1/img_14298.jpg,1,1,T
../data/imgs/train/c9/img_25211.jpg,9,9,T
../data/imgs/train/c9/img_43542.jpg,9,9,T
../data/imgs/train/c6/img_28406.jpg,6,6,T
../data/imgs/train/c1/img_18425.jpg,1,1,T
../data/imgs/train/c3/img_14278.jpg,3,3,T
../data/imgs/train/c3/img_90231.jpg,3,3,T
../data/imgs/train/c3/img_76472.jpg,3,3,T
../data/imgs/train/c6/img_100241.jpg,6,6,T
../data/imgs/train/c3/img_49216.jpg,3,3,T
../data/imgs/train/c2/img_102090.jpg,2,2,T
../data/imgs/train/c5/img_71906.jpg,5,5,T
../data/imgs/train/c3/img_14358.jpg,3,3,T
../data/imgs/train/c2/img_186.jpg,2,2,T
../data/imgs/train/c7/img_90641.jpg,7,7,T
../data/imgs/train/c1/img_102119.jpg,1,1,T
../data/imgs/train/c5/img_9822.jpg,5,5,T
../data/imgs/train/c7/img_47078.jpg,7,7,T
../data/imgs/train/c4/img_49340.jpg,4,4,T
../data/imgs/train/c6/img_49290.jpg,6,6,T
../data/imgs/train/c0/img_49069.jpg,0,0,T
../data/imgs/train/c3/img_67892.jpg,3,3,T
../data/imgs/train/c8/img_15011.jpg,8,8,T
../data/imgs/train/c0/img_70032.jpg,0,0,T
../data/imgs/train/c6/img_90610.jpg,6,6,T
../data/imgs/train/c7/img_89403.jpg,7,7,T
../data/imgs/train/c6/img_26934.jpg,6,6,T
../data/imgs/train/c6/img_91178.jpg,6,6,T
../data/imgs/train/c8/img_34783.jpg,8,8,T
../data/imgs/train/c8/img_29907.jpg,8,8,T
../data/imgs/train/c2/img_81235.jpg,2,2,T
../data/imgs/train/c8/img_64291.jpg,8,8,T
../data/imgs/train/c1/img_60435.jpg,1,1,T
../data/imgs/train/c7/img_81881.jpg,7,7,T
../data/imgs/train/c8/img_26.jpg,8,8,T
../data/imgs/train/c5/img_39607.jpg,5,5,T
../data/imgs/train/c6/img_74901.jpg,6,6,T
../data/imgs/train/c0/img_47285.jpg,0,0,T
../data/imgs/train/c1/img_44362.jpg,1,1,T
../data/imgs/train/c6/img_71504.jpg,6,6,T
../data/imgs/train/c9/img_24621.jpg,9,9,T
../data/imgs/train/c2/img_641.jpg,2,2,T
../data/imgs/train/c8/img_84560.jpg,8,8,T
../data/imgs/train/c0/img_31785.jpg,0,0,T
../data/imgs/train/c4/img_56731.jpg,4,4,T
../data/imgs/train/c8/img_94630.jpg,8,8,T
../data/imgs/train/c8/img_52404.jpg,8,8,T
../data/imgs/train/c6/img_28455.jpg,6,6,T
../data/imgs/train/c6/img_49270.jpg,6,6,T
../data/imgs/train/c7/img_82756.jpg,7,7,T
../data/imgs/train/c4/img_74527.jpg,4,4,T
../data/imgs/train/c3/img_98752.jpg,3,3,T
../data/imgs/train/c4/img_76773.jpg,4,4,T
../data/imgs/train/c4/img_52385.jpg,4,4,T
../data/imgs/train/c2/img_61842.jpg,2,2,T
../data/imgs/train/c3/img_36761.jpg,3,3,T
../data/imgs/train/c8/img_29196.jpg,8,8,T
../data/imgs/train/c1/img_22188.jpg,1,1,T
../data/imgs/train/c7/img_65007.jpg,7,7,T
../data/imgs/train/c6/img_95036.jpg,6,6,T
../data/imgs/train/c6/img_97825.jpg,6,6,T
../data/imgs/train/c8/img_31139.jpg,8,8,T
../data/imgs/train/c2/img_29151.jpg,2,2,T
../data/imgs/train/c0/img_79838.jpg,0,0,T
../data/imgs/train/c0/img_28569.jpg,0,0,T
../data/imgs/train/c8/img_74520.jpg,8,8,T
../data/imgs/train/c2/img_41728.jpg,2,2,T
../data/imgs/train/c7/img_1220.jpg,7,7,T
../data/imgs/train/c4/img_70761.jpg,4,4,T
../data/imgs/train/c8/img_80864.jpg,8,8,T
../data/imgs/train/c3/img_65299.jpg,3,3,T
../data/imgs/train/c6/img_73399.jpg,6,6,T
../data/imgs/train/c5/img_17764.jpg,5,5,T
../data/imgs/train/c9/img_19027.jpg,9,9,T
../data/imgs/train/c4/img_76042.jpg,4,4,T
../data/imgs/train/c1/img_15483.jpg,1,1,T
../data/imgs/train/c2/img_58158.jpg,2,2,T
../data/imgs/train/c5/img_79555.jpg,5,5,T
../data/imgs/train/c3/img_52843.jpg,3,3,T
../data/imgs/train/c7/img_85355.jpg,7,7,T
../data/imgs/train/c0/img_29357.jpg,0,0,T
../data/imgs/train/c3/img_24057.jpg,3,3,T
../data/imgs/train/c1/img_13026.jpg,1,1,T
../data/imgs/train/c3/img_26565.jpg,3,3,T
../data/imgs/train/c0/img_89892.jpg,0,0,T
../data/imgs/train/c1/img_58351.jpg,1,1,T
../data/imgs/train/c7/img_69946.jpg,7,7,T
../data/imgs/train/c7/img_10974.jpg,7,7,T
../data/imgs/train/c7/img_25309.jpg,7,7,T
../data/imgs/train/c2/img_38429.jpg,2,2,T
../data/imgs/train/c5/img_39118.jpg,5,5,T
../data/imgs/train/c6/img_88591.jpg,6,6,T
../data/imgs/train/c4/img_95113.jpg,4,4,T
../data/imgs/train/c6/img_36317.jpg,6,6,T
../data/imgs/train/c5/img_274.jpg,5,5,T
../data/imgs/train/c0/img_46325.jpg,0,0,T
../data/imgs/train/c3/img_63934.jpg,3,3,T
../data/imgs/train/c1/img_79419.jpg,1,1,T
../data/imgs/train/c0/img_68181.jpg,0,0,T
../data/imgs/train/c8/img_22941.jpg,8,8,T
../data/imgs/train/c7/img_3000.jpg,7,7,T
../data/imgs/train/c9/img_36673.jpg,9,9,T
../data/imgs/train/c2/img_80099.jpg,2,2,T
../data/imgs/train/c6/img_87968.jpg,6,6,T
../data/imgs/train/c6/img_66939.jpg,6,6,T
../data/imgs/train/c4/img_2098.jpg,4,4,T
../data/imgs/train/c3/img_35269.jpg,3,3,T
../data/imgs/train/c3/img_99007.jpg,3,3,T
../data/imgs/train/c4/img_8812.jpg,4,4,T
../data/imgs/train/c6/img_73220.jpg,6,6,T
../data/imgs/train/c4/img_33121.jpg,4,4,T
../data/imgs/train/c7/img_23059.jpg,7,7,T
../data/imgs/train/c2/img_37525.jpg,2,2,T
../data/imgs/train/c4/img_70345.jpg,4,4,T
../data/imgs/train/c3/img_53253.jpg,3,3,T
../data/imgs/train/c3/img_21208.jpg,3,3,T
../data/imgs/train/c7/img_8748.jpg,7,7,T
../data/imgs/train/c3/img_32892.jpg,3,3,T
../data/imgs/train/c7/img_51857.jpg,7,7,T
